URL,Titles,Text
https://www.bok.or.kr/portal/bbs/P0001773/view.do?nttId=10073026&searchCnd=1&searchKwd=%EB%8B%A8%EC%88%9C%EB%A7%A4%EC%9E%85&date=&sdate=&edate=&sort=1&pageUnit=100&depth=201150&pageIndex=1&programType=newsData&menuNo=200295&oldMenuNo=201150,2022.9.29(목) 국고채권 단순매입 경쟁입찰 실시 결과,"2022.9.29(목) 국고채권 단순매입 경쟁입찰 실시 결과

□ 총 46,400억원 응찰하여 매입예정금액(30,000억원) 전액 낙찰

□ 대상증권별 응찰 및 낙찰물량

   ㅇ국고채권(10년) 03375-3206(22-5)
      응찰금액 11,000억원; 낙찰금액 6,800억원; 낙찰금리 4.040~4.080%; 부분낙찰률 63~67%

   ㅇ국고채권(10년) 02375-3112(21-11)
      응찰금액 6,800억원; 낙찰금액 4,500억원; 낙찰금리 4.050~4.090%; 부분낙찰률 17%

   ㅇ국고채권(10년) 01500-3012(20-9)
      응찰금액 9,600억원; 낙찰금액 5,700억원; 낙찰금리 4.060~4.120%; 부분낙찰률 33%

   ㅇ국고채권(5년) 03125-2709(22-8)
      응찰금액 11,800억원; 낙찰금액 9,400억원; 낙찰금리 4.140~4.180%; 부분낙찰률 0~11%

   ㅇ국고채권(3년) 03125-2506(22-4)
      응찰금액 7,200억원; 낙찰금액 3,600억원; 낙찰금리 4.120~4.125%; 부분낙찰 없음

□ 증권인도 및 자금결제일 : 2022.10.4(화)

문의 : 한국은행 시장운영팀(759-4575,4564)"
https://www.bok.or.kr/portal/bbs/P0001773/view.do?nttId=10073026&searchCnd=1&searchKwd=%EB%8B%A8%EC%88%9C%EB%A7%A4%EC%9E%85&date=&sdate=&edate=&sort=1&pageUnit=100&depth=201150&pageIndex=1&programType=newsData&menuNo=200295&oldMenuNo=201150,2022.9.29(목) 국고채권 단순매입 경쟁입찰 실시 결과,"2022.9.29(목) 국고채권 단순매입 경쟁입찰 실시 결과

□ 총 46,400억원 응찰하여 매입예정금액(30,000억원) 전액 낙찰

□ 대상증권별 응찰 및 낙찰물량

   ㅇ국고채권(10년) 03375-3206(22-5)
      응찰금액 11,000억원; 낙찰금액 6,800억원; 낙찰금리 4.040~4.080%; 부분낙찰률 63~67%

   ㅇ국고채권(10년) 02375-3112(21-11)
      응찰금액 6,800억원; 낙찰금액 4,500억원; 낙찰금리 4.050~4.090%; 부분낙찰률 17%

   ㅇ국고채권(10년) 01500-3012(20-9)
      응찰금액 9,600억원; 낙찰금액 5,700억원; 낙찰금리 4.060~4.120%; 부분낙찰률 33%

   ㅇ국고채권(5년) 03125-2709(22-8)
      응찰금액 11,800억원; 낙찰금액 9,400억원; 낙찰금리 4.140~4.180%; 부분낙찰률 0~11%

   ㅇ국고채권(3년) 03125-2506(22-4)
      응찰금액 7,200억원; 낙찰금액 3,600억원; 낙찰금리 4.120~4.125%; 부분낙찰 없음

□ 증권인도 및 자금결제일 : 2022.10.4(화)

문의 : 한국은행 시장운영팀(759-4575,4564)"
https://www.bok.or.kr/portal/bbs/P0001773/view.do?nttId=10069919&searchCnd=1&searchKwd=%EB%8B%A8%EC%88%9C%EB%A7%A4%EC%9E%85&date=&sdate=&edate=&sort=1&pageUnit=100&depth=201150&pageIndex=1&programType=newsData&menuNo=200295&oldMenuNo=201150,2022.4.5(화) 국고채권 단순매입 경쟁입찰 실시 결과,"2022.4.5(화) 국고채권 단순매입 경쟁입찰 실시 결과

□ 총 39,900억원 응찰하여 매입예정금액(20,000억원) 전액 낙찰

□ 대상증권별 응찰 및 낙찰물량

   ㅇ국고채권(20년) 01500-3609(16-6)
      응찰금액 5,300억원; 낙찰금액 2,500억원; 낙찰금리 3.020~3.035%; 부분낙찰률 0~100%

   ㅇ국고채권(10년) 02375-3112(21-11)
      응찰금액 10,000억원; 낙찰금액 7,100억원; 낙찰금리 3.005~3.015%; 부분낙찰률 50~100%

   ㅇ국고채권(10년) 01375-2912(19-8)
      응찰금액 12,200억원; 낙찰금액 5,900억원; 낙찰금리 2.990~3.010%; 부분낙찰률 50~100%

   ㅇ국고채권(5년) 02375-2703(22-1)
      응찰금액 5,700억원; 낙찰금액 2,800억원; 낙찰금리 2.920~2.925%; 부분낙찰률 83~100%

   ㅇ국고채권(3년) 01875-2412(21-10)
      응찰금액 6,700억원; 낙찰금액 1,700억원; 낙찰금리 2.770%; 부분낙찰률 90~100%

□ 증권인도 및 자금결제일 : 2022.4.7(목)

문의 : 한국은행 시장운영팀(759-4575,4564)"
https://www.bok.or.kr/portal/bbs/P0001773/view.do?nttId=10069919&searchCnd=1&searchKwd=%EB%8B%A8%EC%88%9C%EB%A7%A4%EC%9E%85&date=&sdate=&edate=&sort=1&pageUnit=100&depth=201150&pageIndex=1&programType=newsData&menuNo=200295&oldMenuNo=201150,2022.4.5(화) 국고채권 단순매입 경쟁입찰 실시 결과,"2022.4.5(화) 국고채권 단순매입 경쟁입찰 실시 결과

□ 총 39,900억원 응찰하여 매입예정금액(20,000억원) 전액 낙찰

□ 대상증권별 응찰 및 낙찰물량

   ㅇ국고채권(20년) 01500-3609(16-6)
      응찰금액 5,300억원; 낙찰금액 2,500억원; 낙찰금리 3.020~3.035%; 부분낙찰률 0~100%

   ㅇ국고채권(10년) 02375-3112(21-11)
      응찰금액 10,000억원; 낙찰금액 7,100억원; 낙찰금리 3.005~3.015%; 부분낙찰률 50~100%

   ㅇ국고채권(10년) 01375-2912(19-8)
      응찰금액 12,200억원; 낙찰금액 5,900억원; 낙찰금리 2.990~3.010%; 부분낙찰률 50~100%

   ㅇ국고채권(5년) 02375-2703(22-1)
      응찰금액 5,700억원; 낙찰금액 2,800억원; 낙찰금리 2.920~2.925%; 부분낙찰률 83~100%

   ㅇ국고채권(3년) 01875-2412(21-10)
      응찰금액 6,700억원; 낙찰금액 1,700억원; 낙찰금리 2.770%; 부분낙찰률 90~100%

□ 증권인도 및 자금결제일 : 2022.4.7(목)

문의 : 한국은행 시장운영팀(759-4575,4564)"
https://www.bok.or.kr/portal/bbs/P0001773/view.do?nttId=10068934&searchCnd=1&searchKwd=%EB%8B%A8%EC%88%9C%EB%A7%A4%EC%9E%85&date=&sdate=&edate=&sort=1&pageUnit=100&depth=201150&pageIndex=1&programType=newsData&menuNo=200295&oldMenuNo=201150,2022.2.7(월) 국고채권 단순매입 경쟁입찰 실시 결과,"□ 총 47,800억원 응찰하여 매입예정금액(20,000억원) 전액 낙찰

□ 대상증권별 응찰 및 낙찰물량
   ㅇ국고채권(20년) 05500-2803(8-2)
      응찰금액 3,400억원; 낙찰금액 700억원; 낙찰금리 2.560~2.565%; 부분낙찰률 67%
   ㅇ국고채권(10년) 02375-3112(21-11)
      응찰금액 7,400억원; 낙찰금액 3,200억원; 낙찰금리 2.620~2.625%; 부분낙찰률 0~100%
   ㅇ국고채권(10년) 01375-3006(20-4)
      응찰금액 13,200억원; 낙찰금액 5,400억원; 낙찰금리 2.625~2.635%; 부분낙찰 없음
   ㅇ국고채권(5년) 01750-2609(21-7)
      응찰금액 9,900억원; 낙찰금액 3,100억원; 낙찰금리 2.430~2.435%; 부분낙찰률 50~100%
   ㅇ국고채권(3년) 01125-2406(21-4)
      응찰금액 13,900억원; 낙찰금액 7,600억원; 낙찰금리 2.140~2.155%; 부분낙찰률 50~100%

□ 증권인도 및 자금결제일 : 2022.2.8(화)

문의 : 한국은행 시장운영팀(759-4575,4564)"
https://www.bok.or.kr/portal/bbs/P0001773/view.do?nttId=10068934&searchCnd=1&searchKwd=%EB%8B%A8%EC%88%9C%EB%A7%A4%EC%9E%85&date=&sdate=&edate=&sort=1&pageUnit=100&depth=201150&pageIndex=1&programType=newsData&menuNo=200295&oldMenuNo=201150,2022.2.7(월) 국고채권 단순매입 경쟁입찰 실시 결과,"□ 총 47,800억원 응찰하여 매입예정금액(20,000억원) 전액 낙찰

□ 대상증권별 응찰 및 낙찰물량
   ㅇ국고채권(20년) 05500-2803(8-2)
      응찰금액 3,400억원; 낙찰금액 700억원; 낙찰금리 2.560~2.565%; 부분낙찰률 67%
   ㅇ국고채권(10년) 02375-3112(21-11)
      응찰금액 7,400억원; 낙찰금액 3,200억원; 낙찰금리 2.620~2.625%; 부분낙찰률 0~100%
   ㅇ국고채권(10년) 01375-3006(20-4)
      응찰금액 13,200억원; 낙찰금액 5,400억원; 낙찰금리 2.625~2.635%; 부분낙찰 없음
   ㅇ국고채권(5년) 01750-2609(21-7)
      응찰금액 9,900억원; 낙찰금액 3,100억원; 낙찰금리 2.430~2.435%; 부분낙찰률 50~100%
   ㅇ국고채권(3년) 01125-2406(21-4)
      응찰금액 13,900억원; 낙찰금액 7,600억원; 낙찰금리 2.140~2.155%; 부분낙찰률 50~100%

□ 증권인도 및 자금결제일 : 2022.2.8(화)

문의 : 한국은행 시장운영팀(759-4575,4564)"
https://www.bok.or.kr/portal/bbs/P0001773/view.do?nttId=10065220&searchCnd=1&searchKwd=%EB%8B%A8%EC%88%9C%EB%A7%A4%EC%9E%85&date=&sdate=&edate=&sort=1&pageUnit=100&depth=201150&pageIndex=1&programType=newsData&menuNo=200295&oldMenuNo=201150,2021.6.28(월) 국고채권 단순매입 경쟁입찰 실시 결과,"2021.6.28(월) 국고채권 단순매입 경쟁입찰 실시 결과

□ 총 41,100억원 응찰하여 매입예정금액(15,000억원) 전액 낙찰

□ 대상증권별 응찰 및 낙찰물량
   ㅇ국고채권(10년) 01375-3006(20-4)
      응찰금액 7,400억원; 낙찰금액 2,800억원; 낙찰금리 2.100~2.105%; 부분낙찰률 50~100%
   ㅇ국고채권(10년) 02625-2806(18-4)
      응찰금액 6,600억원; 낙찰금액 2,300억원; 낙찰금리 2.000~2.005%; 부분낙찰 50%~100%
   ㅇ국고채권(10년) 02125-2706(17-3)
      응찰금액 2,100억원; 낙찰금액 800억원; 낙찰금리 1.940~1.950%; 부분낙찰률 0~50%
   ㅇ국고채권(5년) 01125-2509(20-6)
      응찰금액 12,100억원; 낙찰금액 4,500억원; 낙찰금리 1.720-1.735%; 부분낙찰률 33~100%
   ㅇ국고채권(5년) 01500-2503(20-1)
      응찰금액 12,900억원; 낙찰금액 4,600억원; 낙찰금리 1.650~1.660%; 부분낙찰률 17~50%

□ 증권인도 및 자금결제일 : 2021.6.30(수)

문의 : 한국은행 시장운영팀(759-4575,4564)"
https://www.bok.or.kr/portal/bbs/P0001773/view.do?nttId=10065220&searchCnd=1&searchKwd=%EB%8B%A8%EC%88%9C%EB%A7%A4%EC%9E%85&date=&sdate=&edate=&sort=1&pageUnit=100&depth=201150&pageIndex=1&programType=newsData&menuNo=200295&oldMenuNo=201150,2021.6.28(월) 국고채권 단순매입 경쟁입찰 실시 결과,"2021.6.28(월) 국고채권 단순매입 경쟁입찰 실시 결과

□ 총 41,100억원 응찰하여 매입예정금액(15,000억원) 전액 낙찰

□ 대상증권별 응찰 및 낙찰물량
   ㅇ국고채권(10년) 01375-3006(20-4)
      응찰금액 7,400억원; 낙찰금액 2,800억원; 낙찰금리 2.100~2.105%; 부분낙찰률 50~100%
   ㅇ국고채권(10년) 02625-2806(18-4)
      응찰금액 6,600억원; 낙찰금액 2,300억원; 낙찰금리 2.000~2.005%; 부분낙찰 50%~100%
   ㅇ국고채권(10년) 02125-2706(17-3)
      응찰금액 2,100억원; 낙찰금액 800억원; 낙찰금리 1.940~1.950%; 부분낙찰률 0~50%
   ㅇ국고채권(5년) 01125-2509(20-6)
      응찰금액 12,100억원; 낙찰금액 4,500억원; 낙찰금리 1.720-1.735%; 부분낙찰률 33~100%
   ㅇ국고채권(5년) 01500-2503(20-1)
      응찰금액 12,900억원; 낙찰금액 4,600억원; 낙찰금리 1.650~1.660%; 부분낙찰률 17~50%

□ 증권인도 및 자금결제일 : 2021.6.30(수)

문의 : 한국은행 시장운영팀(759-4575,4564)"
https://www.bok.or.kr/portal/bbs/P0001773/view.do?nttId=10064817&searchCnd=1&searchKwd=%EB%8B%A8%EC%88%9C%EB%A7%A4%EC%9E%85&date=&sdate=&edate=&sort=1&pageUnit=100&depth=201150&pageIndex=1&programType=newsData&menuNo=200295&oldMenuNo=201150,2021.6.3(목) 국고채권 단순매입 경쟁입찰 실시 결과,"2021.6.3(목) 국고채권 단순매입 경쟁입찰 실시 결과

□ 총 47,900억원 응찰하여 매입예정금액(15,000억원) 전액 낙찰

□ 대상증권별 응찰 및 낙찰물량
   ㅇ국고채권(10년) 01375-3006(20-4)
      응찰금액 4,600억원; 낙찰금액 2,000억원; 낙찰금리 2.140~2.150%; 부분낙찰률 0~50%
   ㅇ국고채권(10년) 01375-2912(19-8)
      응찰금액 24,900억원; 낙찰금액 5,400억원; 낙찰금리 2.115~2.120%; 부분낙찰 33%~50%
   ㅇ국고채권(10년) 02625-2806(18-4)
      응찰금액 7,700억원; 낙찰금액 3,100억원; 낙찰금리 1.980~1.985%; 부분낙찰률 50~100%
   ㅇ국고채권(5년) 01125-2509(20-6)
      응찰금액 5,300억원; 낙찰금액 2,200억원; 낙찰금리 1.585~1.590%; 부분낙찰률 0~40%
   ㅇ국고채권(5년) 01375-2409(19-5)
      응찰금액 5,400억원; 낙찰금액 2,300억원; 낙찰금리 1.370~1.375%; 부분낙찰률 67~100%

□ 증권인도 및 자금결제일 : 2021.6.7(월)

문의 : 한국은행 시장운영팀(759-4575,4564)"
https://www.bok.or.kr/portal/bbs/P0001773/view.do?nttId=10064817&searchCnd=1&searchKwd=%EB%8B%A8%EC%88%9C%EB%A7%A4%EC%9E%85&date=&sdate=&edate=&sort=1&pageUnit=100&depth=201150&pageIndex=1&programType=newsData&menuNo=200295&oldMenuNo=201150,2021.6.3(목) 국고채권 단순매입 경쟁입찰 실시 결과,"2021.6.3(목) 국고채권 단순매입 경쟁입찰 실시 결과

□ 총 47,900억원 응찰하여 매입예정금액(15,000억원) 전액 낙찰

□ 대상증권별 응찰 및 낙찰물량
   ㅇ국고채권(10년) 01375-3006(20-4)
      응찰금액 4,600억원; 낙찰금액 2,000억원; 낙찰금리 2.140~2.150%; 부분낙찰률 0~50%
   ㅇ국고채권(10년) 01375-2912(19-8)
      응찰금액 24,900억원; 낙찰금액 5,400억원; 낙찰금리 2.115~2.120%; 부분낙찰 33%~50%
   ㅇ국고채권(10년) 02625-2806(18-4)
      응찰금액 7,700억원; 낙찰금액 3,100억원; 낙찰금리 1.980~1.985%; 부분낙찰률 50~100%
   ㅇ국고채권(5년) 01125-2509(20-6)
      응찰금액 5,300억원; 낙찰금액 2,200억원; 낙찰금리 1.585~1.590%; 부분낙찰률 0~40%
   ㅇ국고채권(5년) 01375-2409(19-5)
      응찰금액 5,400억원; 낙찰금액 2,300억원; 낙찰금리 1.370~1.375%; 부분낙찰률 67~100%

□ 증권인도 및 자금결제일 : 2021.6.7(월)

문의 : 한국은행 시장운영팀(759-4575,4564)"
https://www.bok.or.kr/portal/bbs/P0001773/view.do?nttId=10064187&searchCnd=1&searchKwd=%EB%8B%A8%EC%88%9C%EB%A7%A4%EC%9E%85&date=&sdate=&edate=&sort=1&pageUnit=100&depth=201150&pageIndex=1&programType=newsData&menuNo=200295&oldMenuNo=201150,2021.4.28(수) 국고채권 단순매입 경쟁입찰 실시 결과,"2021.4.28(수) 국고채권 단순매입 경쟁입찰 실시 결과

□ 총 32,800억원 응찰하여 매입예정금액(10,000억원) 전액 낙찰

□ 대상증권별 응찰 및 낙찰물량
   ㅇ국고채권(10년) 01875-2906 (19-4)
      응찰금액 17,400억원; 낙찰금액 5,000억원; 낙찰금리 1.980~1.985%; 부분낙찰률 50~100%
   ㅇ국고채권(20년) 05500-2803(8-2)
      응찰금액 3,700억원; 낙찰금액 1,200억원; 낙찰금리 1.880~1.890%; 부분낙찰 29%
   ㅇ국고채권(10년) 02125-2706(17-3)
      응찰금액 5,200억원; 낙찰금액 1,700억원; 낙찰금리 1.835~1.850%; 부분낙찰률 67~100%
   ㅇ국고채권(10년) 01875-2606(16-3)
      응찰금액 700억원; 낙찰금액 200억원; 낙찰금리 1.680%; 부분낙찰 없음
   ㅇ국고채권(10년) 02250-2512(15-8)
      응찰금액 5,800억원; 낙찰금액 1,900억원; 낙찰금리 1.590~1.595; 부분낙찰률 0~50%

□ 증권인도 및 자금결제일 : 2021.4.30(금)

문의 : 한국은행 시장운영팀(759-4575,4564)"
https://www.bok.or.kr/portal/bbs/P0001773/view.do?nttId=10064187&searchCnd=1&searchKwd=%EB%8B%A8%EC%88%9C%EB%A7%A4%EC%9E%85&date=&sdate=&edate=&sort=1&pageUnit=100&depth=201150&pageIndex=1&programType=newsData&menuNo=200295&oldMenuNo=201150,2021.4.28(수) 국고채권 단순매입 경쟁입찰 실시 결과,"2021.4.28(수) 국고채권 단순매입 경쟁입찰 실시 결과

□ 총 32,800억원 응찰하여 매입예정금액(10,000억원) 전액 낙찰

□ 대상증권별 응찰 및 낙찰물량
   ㅇ국고채권(10년) 01875-2906 (19-4)
      응찰금액 17,400억원; 낙찰금액 5,000억원; 낙찰금리 1.980~1.985%; 부분낙찰률 50~100%
   ㅇ국고채권(20년) 05500-2803(8-2)
      응찰금액 3,700억원; 낙찰금액 1,200억원; 낙찰금리 1.880~1.890%; 부분낙찰 29%
   ㅇ국고채권(10년) 02125-2706(17-3)
      응찰금액 5,200억원; 낙찰금액 1,700억원; 낙찰금리 1.835~1.850%; 부분낙찰률 67~100%
   ㅇ국고채권(10년) 01875-2606(16-3)
      응찰금액 700억원; 낙찰금액 200억원; 낙찰금리 1.680%; 부분낙찰 없음
   ㅇ국고채권(10년) 02250-2512(15-8)
      응찰금액 5,800억원; 낙찰금액 1,900억원; 낙찰금리 1.590~1.595; 부분낙찰률 0~50%

□ 증권인도 및 자금결제일 : 2021.4.30(금)

문의 : 한국은행 시장운영팀(759-4575,4564)"
https://www.bok.or.kr/portal/bbs/P0001773/view.do?nttId=10063363&searchCnd=1&searchKwd=%EB%8B%A8%EC%88%9C%EB%A7%A4%EC%9E%85&date=&sdate=&edate=&sort=1&pageUnit=100&depth=201150&pageIndex=1&programType=newsData&menuNo=200295&oldMenuNo=201150,2021.3.9(화) 국고채권 단순매입 경쟁입찰 실시 결과,"2021.3.9(화) 국고채권 단순매입 경쟁입찰 실시 결과

□ 총 42,400억원 응찰하여 매입예정금액(20,000억원) 전액 낙찰

□ 대상증권별 응찰 및 낙찰물량
   ㅇ국고채권(10년) 01375-3006 (20-4)
      응찰금액 4,200억원; 낙찰금액 1,700억원; 낙찰금리 2.025~2.040%; 부분낙찰률 0~50%
   ㅇ국고채권(10년) 02375-2712 (17-7)
      응찰금액 7,900억원; 낙찰금액 3,000억원; 낙찰금리 1.790~1.815%; 부분낙찰 0~22%
   ㅇ국고채권(10년) 01500-2612 (16-8)
      응찰금액 11,400억원; 낙찰금액 7,000억원; 낙찰금리 1.700~1.730%; 부분낙찰률 70~100%
   ㅇ국고채권(5년) 01375-2409 (19-5)
      응찰금액 6,900억원; 낙찰금액 1,400억원; 낙찰금리 1.370~1.375%; 부분낙찰률 33~100%
   ㅇ국고채권(3년) 00875-2312 (20-8)
      응찰금액 12,000억원; 낙찰금액 6,900억원; 낙찰금리 1.180~1.200%; 부분낙찰률 0~50%

□ 증권인도 및 자금결제일 : 2021.3.11(목)

문의 : 한국은행 시장운영팀(759-4575,4564)"
https://www.bok.or.kr/portal/bbs/P0001773/view.do?nttId=10063363&searchCnd=1&searchKwd=%EB%8B%A8%EC%88%9C%EB%A7%A4%EC%9E%85&date=&sdate=&edate=&sort=1&pageUnit=100&depth=201150&pageIndex=1&programType=newsData&menuNo=200295&oldMenuNo=201150,2021.3.9(화) 국고채권 단순매입 경쟁입찰 실시 결과,"2021.3.9(화) 국고채권 단순매입 경쟁입찰 실시 결과

□ 총 42,400억원 응찰하여 매입예정금액(20,000억원) 전액 낙찰

□ 대상증권별 응찰 및 낙찰물량
   ㅇ국고채권(10년) 01375-3006 (20-4)
      응찰금액 4,200억원; 낙찰금액 1,700억원; 낙찰금리 2.025~2.040%; 부분낙찰률 0~50%
   ㅇ국고채권(10년) 02375-2712 (17-7)
      응찰금액 7,900억원; 낙찰금액 3,000억원; 낙찰금리 1.790~1.815%; 부분낙찰 0~22%
   ㅇ국고채권(10년) 01500-2612 (16-8)
      응찰금액 11,400억원; 낙찰금액 7,000억원; 낙찰금리 1.700~1.730%; 부분낙찰률 70~100%
   ㅇ국고채권(5년) 01375-2409 (19-5)
      응찰금액 6,900억원; 낙찰금액 1,400억원; 낙찰금리 1.370~1.375%; 부분낙찰률 33~100%
   ㅇ국고채권(3년) 00875-2312 (20-8)
      응찰금액 12,000억원; 낙찰금액 6,900억원; 낙찰금리 1.180~1.200%; 부분낙찰률 0~50%

□ 증권인도 및 자금결제일 : 2021.3.11(목)

문의 : 한국은행 시장운영팀(759-4575,4564)"
https://www.bok.or.kr/portal/bbs/P0001773/view.do?nttId=10061490&searchCnd=1&searchKwd=%EB%8B%A8%EC%88%9C%EB%A7%A4%EC%9E%85&date=&sdate=&edate=&sort=1&pageUnit=100&depth=201150&pageIndex=1&programType=newsData&menuNo=200295&oldMenuNo=201150,2020.11.27(금) 국고채권 단순매입 경쟁입찰 실시 결과,"2020.11.27(금) 국고채권 단순매입 경쟁입찰 실시 결과

□ 총 40,100억원 응찰하여 매입예정금액(15,000억원) 전액 낙찰

□ 대상증권별 응찰 및 낙찰물량

   ㅇ 국고채권(20년) 01500-3609 (16-6)
      응찰금액 8,200억원; 낙찰금액 3,100억원; 낙찰금리 1.685%~1.690%; 부분낙찰 없음

   ㅇ 국고채권(10년) 01875-2906 (19-4)
      응찰금액 5,900억원; 낙찰금액 1,500억원; 낙찰금리 1.585~1.590%; 부분낙찰률 0~50%

   ㅇ 국고채권(10년) 02375-2812 (18-10)
      응찰금액 13,400억원; 낙찰금액 6,000억원; 낙찰금리 1.535~1.545%; 부분낙찰률 0~25%

   ㅇ 국고채권(20년) 05500-2803 (8-2)
      응찰금액 4,600억원; 낙찰금액 600억원; 낙찰금리 1.475%; 부분낙찰률 50~100%

   ㅇ 국고채권(10년) 01875-2606 (16-3)
      응찰금액 8,000억원; 낙찰금액 3,800억원; 낙찰금리 1.375~1.385%; 부분낙찰률 0~11%

□ 증권인도 및 자금결제일 : 2020.12.1(화)

문의 : 한국은행 시장운영팀(759-4575,4564)"
https://www.bok.or.kr/portal/bbs/P0001773/view.do?nttId=10061490&searchCnd=1&searchKwd=%EB%8B%A8%EC%88%9C%EB%A7%A4%EC%9E%85&date=&sdate=&edate=&sort=1&pageUnit=100&depth=201150&pageIndex=1&programType=newsData&menuNo=200295&oldMenuNo=201150,2020.11.27(금) 국고채권 단순매입 경쟁입찰 실시 결과,"2020.11.27(금) 국고채권 단순매입 경쟁입찰 실시 결과

□ 총 40,100억원 응찰하여 매입예정금액(15,000억원) 전액 낙찰

□ 대상증권별 응찰 및 낙찰물량

   ㅇ 국고채권(20년) 01500-3609 (16-6)
      응찰금액 8,200억원; 낙찰금액 3,100억원; 낙찰금리 1.685%~1.690%; 부분낙찰 없음

   ㅇ 국고채권(10년) 01875-2906 (19-4)
      응찰금액 5,900억원; 낙찰금액 1,500억원; 낙찰금리 1.585~1.590%; 부분낙찰률 0~50%

   ㅇ 국고채권(10년) 02375-2812 (18-10)
      응찰금액 13,400억원; 낙찰금액 6,000억원; 낙찰금리 1.535~1.545%; 부분낙찰률 0~25%

   ㅇ 국고채권(20년) 05500-2803 (8-2)
      응찰금액 4,600억원; 낙찰금액 600억원; 낙찰금리 1.475%; 부분낙찰률 50~100%

   ㅇ 국고채권(10년) 01875-2606 (16-3)
      응찰금액 8,000억원; 낙찰금액 3,800억원; 낙찰금리 1.375~1.385%; 부분낙찰률 0~11%

□ 증권인도 및 자금결제일 : 2020.12.1(화)

문의 : 한국은행 시장운영팀(759-4575,4564)"
https://www.bok.or.kr/portal/bbs/P0001773/view.do?nttId=10060948&searchCnd=1&searchKwd=%EB%8B%A8%EC%88%9C%EB%A7%A4%EC%9E%85&date=&sdate=&edate=&sort=1&pageUnit=100&depth=201150&pageIndex=1&programType=newsData&menuNo=200295&oldMenuNo=201150,2020.10.28(수) 국고채권 단순매입 경쟁입찰 실시 결과,"2020.10.28(수) 국고채권 단순매입 경쟁입찰 실시 결과

□ 총 51,000억원 응찰하여 매입예정금액(15,000억원) 전액 낙찰

□ 대상증권별 응찰 및 낙찰물량
   ㅇ국고채권(20년) 02625-3509 (15-6)
      응찰금액 10,200억원; 낙찰금액 4,100억원; 낙찰금리 1.540~1.555%; 부분낙찰률 0~14%
   ㅇ국고채권(10년) 02375-2812 (18-10)
      응찰금액 7,400억원; 낙찰금액 2,400억원; 낙찰금리 1.410~1.415%; 부분낙찰 없음
   ㅇ국고채권(10년) 02625-2806 (18-4)
      응찰금액 16,200억원; 낙찰금액 3,800억원; 낙찰금리 1.365~1.375%; 부분낙찰률 0~20%
   ㅇ국고채권(10년) 02125-2706 (17-3)
      응찰금액 11,200억원; 낙찰금액 3,800억원; 낙찰금리 1.310~1.320%; 부분낙찰률 0~100%
   ㅇ국고채권(10년) 02250-2512 (15-8)
      응찰금액 6,000억원; 낙찰금액 900억원; 낙찰금리 1.240~1.245%; 부분낙찰률 0~33%

□ 증권인도 및 자금결제일 : 2020.10.30(금)

문의 : 한국은행 시장운영팀(759-4575,4564)"
https://www.bok.or.kr/portal/bbs/P0001773/view.do?nttId=10060948&searchCnd=1&searchKwd=%EB%8B%A8%EC%88%9C%EB%A7%A4%EC%9E%85&date=&sdate=&edate=&sort=1&pageUnit=100&depth=201150&pageIndex=1&programType=newsData&menuNo=200295&oldMenuNo=201150,2020.10.28(수) 국고채권 단순매입 경쟁입찰 실시 결과,"2020.10.28(수) 국고채권 단순매입 경쟁입찰 실시 결과

□ 총 51,000억원 응찰하여 매입예정금액(15,000억원) 전액 낙찰

□ 대상증권별 응찰 및 낙찰물량
   ㅇ국고채권(20년) 02625-3509 (15-6)
      응찰금액 10,200억원; 낙찰금액 4,100억원; 낙찰금리 1.540~1.555%; 부분낙찰률 0~14%
   ㅇ국고채권(10년) 02375-2812 (18-10)
      응찰금액 7,400억원; 낙찰금액 2,400억원; 낙찰금리 1.410~1.415%; 부분낙찰 없음
   ㅇ국고채권(10년) 02625-2806 (18-4)
      응찰금액 16,200억원; 낙찰금액 3,800억원; 낙찰금리 1.365~1.375%; 부분낙찰률 0~20%
   ㅇ국고채권(10년) 02125-2706 (17-3)
      응찰금액 11,200억원; 낙찰금액 3,800억원; 낙찰금리 1.310~1.320%; 부분낙찰률 0~100%
   ㅇ국고채권(10년) 02250-2512 (15-8)
      응찰금액 6,000억원; 낙찰금액 900억원; 낙찰금리 1.240~1.245%; 부분낙찰률 0~33%

□ 증권인도 및 자금결제일 : 2020.10.30(금)

문의 : 한국은행 시장운영팀(759-4575,4564)"
https://www.bok.or.kr/portal/bbs/P0001773/view.do?nttId=10060412&searchCnd=1&searchKwd=%EB%8B%A8%EC%88%9C%EB%A7%A4%EC%9E%85&date=&sdate=&edate=&sort=1&pageUnit=100&depth=201150&pageIndex=1&programType=newsData&menuNo=200295&oldMenuNo=201150,2020.9.24(목) 국고채권 단순매입 경쟁입찰 실시 결과,"2020.9.24(목) 국고채권 단순매입 경쟁입찰 실시 결과

□ 총 53,000억원 응찰하여 매입예정금액(20,000억원) 전액 낙찰

□ 대상증권별 응찰 및 낙찰물량
   ㅇ국고채권(20년) 03750-3312 (13-8)
      응찰금액 9,600억원; 낙찰금액 4,900억원; 낙찰금리 1.485~1.510%; 부분낙찰률 0~29%
   ㅇ국고채권(10년) 01875-2906 (19-4)
      응찰금액 10,500억원; 낙찰금액 3,800억원; 낙찰금리 1.415~1.425%; 부분낙찰률 50~100%
   ㅇ국고채권(10년) 02375-2712 (17-7)
      응찰금액 13,900억원; 낙찰금액 6,800억원; 낙찰금리 1.295~1.305%; 부분낙찰률 33~100%
   ㅇ국고채권(10년) 02250-2506 (15-2)
      응찰금액 7,400억원; 낙찰금액 3,400억원; 낙찰금리 1.135~1.150%; 부분낙찰률 50~67%
   ㅇ국고채권( 5년) 01500-2503 (20-1)
      응찰금액 11,600억원; 낙찰금액 1,100억원; 낙찰금리 1.090~1.100%; 부분낙찰률 0~50%

□ 증권인도 및 자금결제일 : 2020.9.28(월)

문의 : 한국은행 시장운영팀(759-4575,4564)"
https://www.bok.or.kr/portal/bbs/P0001773/view.do?nttId=10060412&searchCnd=1&searchKwd=%EB%8B%A8%EC%88%9C%EB%A7%A4%EC%9E%85&date=&sdate=&edate=&sort=1&pageUnit=100&depth=201150&pageIndex=1&programType=newsData&menuNo=200295&oldMenuNo=201150,2020.9.24(목) 국고채권 단순매입 경쟁입찰 실시 결과,"2020.9.24(목) 국고채권 단순매입 경쟁입찰 실시 결과

□ 총 53,000억원 응찰하여 매입예정금액(20,000억원) 전액 낙찰

□ 대상증권별 응찰 및 낙찰물량
   ㅇ국고채권(20년) 03750-3312 (13-8)
      응찰금액 9,600억원; 낙찰금액 4,900억원; 낙찰금리 1.485~1.510%; 부분낙찰률 0~29%
   ㅇ국고채권(10년) 01875-2906 (19-4)
      응찰금액 10,500억원; 낙찰금액 3,800억원; 낙찰금리 1.415~1.425%; 부분낙찰률 50~100%
   ㅇ국고채권(10년) 02375-2712 (17-7)
      응찰금액 13,900억원; 낙찰금액 6,800억원; 낙찰금리 1.295~1.305%; 부분낙찰률 33~100%
   ㅇ국고채권(10년) 02250-2506 (15-2)
      응찰금액 7,400억원; 낙찰금액 3,400억원; 낙찰금리 1.135~1.150%; 부분낙찰률 50~67%
   ㅇ국고채권( 5년) 01500-2503 (20-1)
      응찰금액 11,600억원; 낙찰금액 1,100억원; 낙찰금리 1.090~1.100%; 부분낙찰률 0~50%

□ 증권인도 및 자금결제일 : 2020.9.28(월)

문의 : 한국은행 시장운영팀(759-4575,4564)"
https://www.bok.or.kr/portal/bbs/P0001773/view.do?nttId=10060070&searchCnd=1&searchKwd=%EB%8B%A8%EC%88%9C%EB%A7%A4%EC%9E%85&date=&sdate=&edate=&sort=1&pageUnit=100&depth=201150&pageIndex=1&programType=newsData&menuNo=200295&oldMenuNo=201150,2020.8.31(월) 국고채권 단순매입 경쟁입찰 실시 결과,"2020.8.31(월) 국고채권 단순매입 경쟁입찰 실시 결과

□ 총 40,900억원 응찰하여 매입예정금액(15,000억원) 전액 낙찰

□ 대상증권별 응찰 및 낙찰물량
   ㅇ국고채권(20년) 04750-3012 (10-7)
      응찰금액 3,600억원; 낙찰금액 1,300억원; 낙찰금리 1.525~1.535%; 부분낙찰률 30~50%
   ㅇ국고채권(10년) 02625-2806 (18-4)
      응찰금액 10,800억원; 낙찰금액 4,100억원; 낙찰금리 1.410~1.425%; 부분낙찰률 83~100%
   ㅇ국고채권(10년) 02125-2706 (17-3)
      응찰금액 11,400억원; 낙찰금액 4,300억원; 낙찰금리 1.345~1.360%; 부분낙찰률 0~50%
   ㅇ국고채권(10년) 01875-2606 (16-3)
      응찰금액 6,200억원; 낙찰금액 2,200억원; 낙찰금리 1.310~1.320%; 부분낙찰률 0~100%
   ㅇ국고채권(10년) 03000-2409 (14-5)
      응찰금액 8,900억원; 낙찰금액 3,100억원; 낙찰금리 1.140~1.150%; 부분낙찰률 0~25%

□ 증권인도 및 자금결제일 : 2020.9.2(수)

문의 : 한국은행 시장운영팀(759-4575,4564)"
https://www.bok.or.kr/portal/bbs/P0001773/view.do?nttId=10060070&searchCnd=1&searchKwd=%EB%8B%A8%EC%88%9C%EB%A7%A4%EC%9E%85&date=&sdate=&edate=&sort=1&pageUnit=100&depth=201150&pageIndex=1&programType=newsData&menuNo=200295&oldMenuNo=201150,2020.8.31(월) 국고채권 단순매입 경쟁입찰 실시 결과,"2020.8.31(월) 국고채권 단순매입 경쟁입찰 실시 결과

□ 총 40,900억원 응찰하여 매입예정금액(15,000억원) 전액 낙찰

□ 대상증권별 응찰 및 낙찰물량
   ㅇ국고채권(20년) 04750-3012 (10-7)
      응찰금액 3,600억원; 낙찰금액 1,300억원; 낙찰금리 1.525~1.535%; 부분낙찰률 30~50%
   ㅇ국고채권(10년) 02625-2806 (18-4)
      응찰금액 10,800억원; 낙찰금액 4,100억원; 낙찰금리 1.410~1.425%; 부분낙찰률 83~100%
   ㅇ국고채권(10년) 02125-2706 (17-3)
      응찰금액 11,400억원; 낙찰금액 4,300억원; 낙찰금리 1.345~1.360%; 부분낙찰률 0~50%
   ㅇ국고채권(10년) 01875-2606 (16-3)
      응찰금액 6,200억원; 낙찰금액 2,200억원; 낙찰금리 1.310~1.320%; 부분낙찰률 0~100%
   ㅇ국고채권(10년) 03000-2409 (14-5)
      응찰금액 8,900억원; 낙찰금액 3,100억원; 낙찰금리 1.140~1.150%; 부분낙찰률 0~25%

□ 증권인도 및 자금결제일 : 2020.9.2(수)

문의 : 한국은행 시장운영팀(759-4575,4564)"
https://www.bok.or.kr/portal/bbs/P0001773/view.do?nttId=10059107&searchCnd=1&searchKwd=%EB%8B%A8%EC%88%9C%EB%A7%A4%EC%9E%85&date=&sdate=&edate=&sort=1&pageUnit=100&depth=201150&pageIndex=1&programType=newsData&menuNo=200295&oldMenuNo=201150,2020.7.2(목) 국고채권 단순매입 경쟁입찰 실시 결과,"2020.7.2(목) 국고채권 단순매입 경쟁입찰 실시 결과
□ 총 35,500억원 응찰하여 매입예정금액(15,000억원) 전액 낙찰
□ 대상증권별 응찰 및 낙찰물량
   ㅇ국고채권(20년) 05500-2912 (9-5)
      응찰금액 2,100억원; 낙찰금액 1,000억원; 낙찰금리 1.375~1.380%; 부분낙찰률 80~100%
   ㅇ국고채권(10년) 02375-2812 (18-10)
      응찰금액 7,600억원; 낙찰금액 3,900억원; 낙찰금리 1.350~1.360%; 부분낙찰률 40~100%
   ㅇ국고채권(10년) 01500-2612 (16-8)
      응찰금액 12,300억원; 낙찰금액 6,900억원; 낙찰금리 1.225~1.240%; 부분낙찰률 0~40%
   ㅇ국고채권(10년) 03000-2409 (14-5)
      응찰금액 5,400억원; 낙찰금액 1,600억원; 낙찰금리 1.070~1.075%; 부분낙찰률 0~67%
   ㅇ국고채권( 5년) 02250-2309 (18-6)
      응찰금액 8,100억원; 낙찰금액 1,600억원; 낙찰금리 0.915~0.920%; 부분낙찰률 0~10%
□ 증권인도 및 자금결제일 : 2020.7.6(월)
문의 : 한국은행 시장운영팀(759-4575,4564)"
https://www.bok.or.kr/portal/bbs/P0001773/view.do?nttId=10059107&searchCnd=1&searchKwd=%EB%8B%A8%EC%88%9C%EB%A7%A4%EC%9E%85&date=&sdate=&edate=&sort=1&pageUnit=100&depth=201150&pageIndex=1&programType=newsData&menuNo=200295&oldMenuNo=201150,2020.7.2(목) 국고채권 단순매입 경쟁입찰 실시 결과,"2020.7.2(목) 국고채권 단순매입 경쟁입찰 실시 결과
□ 총 35,500억원 응찰하여 매입예정금액(15,000억원) 전액 낙찰
□ 대상증권별 응찰 및 낙찰물량
   ㅇ국고채권(20년) 05500-2912 (9-5)
      응찰금액 2,100억원; 낙찰금액 1,000억원; 낙찰금리 1.375~1.380%; 부분낙찰률 80~100%
   ㅇ국고채권(10년) 02375-2812 (18-10)
      응찰금액 7,600억원; 낙찰금액 3,900억원; 낙찰금리 1.350~1.360%; 부분낙찰률 40~100%
   ㅇ국고채권(10년) 01500-2612 (16-8)
      응찰금액 12,300억원; 낙찰금액 6,900억원; 낙찰금리 1.225~1.240%; 부분낙찰률 0~40%
   ㅇ국고채권(10년) 03000-2409 (14-5)
      응찰금액 5,400억원; 낙찰금액 1,600억원; 낙찰금리 1.070~1.075%; 부분낙찰률 0~67%
   ㅇ국고채권( 5년) 02250-2309 (18-6)
      응찰금액 8,100억원; 낙찰금액 1,600억원; 낙찰금리 0.915~0.920%; 부분낙찰률 0~10%
□ 증권인도 및 자금결제일 : 2020.7.6(월)
문의 : 한국은행 시장운영팀(759-4575,4564)"
https://www.bok.or.kr/portal/bbs/P0001773/view.do?nttId=10057605&searchCnd=1&searchKwd=%EB%8B%A8%EC%88%9C%EB%A7%A4%EC%9E%85&date=&sdate=&edate=&sort=1&pageUnit=100&depth=201150&pageIndex=1&programType=newsData&menuNo=200295&oldMenuNo=201150,2020.4.10(금) 국고채권 단순매입 경쟁입찰 실시 결과,"2020.4.10(금) 국고채권 단순매입 경쟁입찰 실시 결과

□ 총 45,700억원 응찰하여 매입예정금액(15,000억원) 전액 낙찰

□ 대상증권별 응찰 및 낙찰물량
   ㅇ국고채권(20년) 04000-3112 (11-7)
      응찰금액 11,700억원; 낙찰금액 4,800억원; 낙찰금리 1.460~1.470%; 부분낙찰률 80~100%
   ㅇ국고채권(10년) 02375-2812 (18-10)
      응찰금액 5,100억원; 낙찰금액 1,700억원; 낙찰금리 1.425~1.435%; 부분낙찰률 0~50%
   ㅇ국고채권(10년) 02375-2712 (17-7)
      응찰금액 12,700억원; 낙찰금액 4,500억원; 낙찰금리 1.360~1.370%; 부분낙찰률 40~60%
   ㅇ국고채권(10년) 02250-2512 (15-8)
      응찰금액 9,600억원; 낙찰금액 3,400억원; 낙찰금리 1.240~1.260%; 부분낙찰률 0~25%
   ㅇ국고채권( 5년) 02375-2303 (18-1)
      응찰금액 6,600억원; 낙찰금액 600억원; 낙찰금리 1.010%; 부분낙찰률 50~100%

□ 증권인도 및 자금결제일 : 2020.4.14(화)

문의 : 한국은행 시장운영팀(759-4575,4564)"
https://www.bok.or.kr/portal/bbs/P0001773/view.do?nttId=10057605&searchCnd=1&searchKwd=%EB%8B%A8%EC%88%9C%EB%A7%A4%EC%9E%85&date=&sdate=&edate=&sort=1&pageUnit=100&depth=201150&pageIndex=1&programType=newsData&menuNo=200295&oldMenuNo=201150,2020.4.10(금) 국고채권 단순매입 경쟁입찰 실시 결과,"2020.4.10(금) 국고채권 단순매입 경쟁입찰 실시 결과

□ 총 45,700억원 응찰하여 매입예정금액(15,000억원) 전액 낙찰

□ 대상증권별 응찰 및 낙찰물량
   ㅇ국고채권(20년) 04000-3112 (11-7)
      응찰금액 11,700억원; 낙찰금액 4,800억원; 낙찰금리 1.460~1.470%; 부분낙찰률 80~100%
   ㅇ국고채권(10년) 02375-2812 (18-10)
      응찰금액 5,100억원; 낙찰금액 1,700억원; 낙찰금리 1.425~1.435%; 부분낙찰률 0~50%
   ㅇ국고채권(10년) 02375-2712 (17-7)
      응찰금액 12,700억원; 낙찰금액 4,500억원; 낙찰금리 1.360~1.370%; 부분낙찰률 40~60%
   ㅇ국고채권(10년) 02250-2512 (15-8)
      응찰금액 9,600억원; 낙찰금액 3,400억원; 낙찰금리 1.240~1.260%; 부분낙찰률 0~25%
   ㅇ국고채권( 5년) 02375-2303 (18-1)
      응찰금액 6,600억원; 낙찰금액 600억원; 낙찰금리 1.010%; 부분낙찰률 50~100%

□ 증권인도 및 자금결제일 : 2020.4.14(화)

문의 : 한국은행 시장운영팀(759-4575,4564)"
https://www.bok.or.kr/portal/bbs/P0001773/view.do?nttId=10057118&searchCnd=1&searchKwd=%EB%8B%A8%EC%88%9C%EB%A7%A4%EC%9E%85&date=&sdate=&edate=&sort=1&pageUnit=100&depth=201150&pageIndex=1&programType=newsData&menuNo=200295&oldMenuNo=201150,2020.3.20(금) 국고채권 단순매입 경쟁입찰 실시 결과,"2020.3.20(금) 국고채권 단순매입 경쟁입찰 실시 결과

□ 총 23,500억원 응찰하여 매입예정금액(15,000억원) 전액 낙찰

□ 대상증권별 응찰 및 낙찰물량
   ㅇ국고채권(10년) 01375-2912 (19-8)
      응찰금액 2,000억원; 낙찰금액 900억원; 낙찰금리 1.640~1.655%; 부분낙찰 없음
   ㅇ국고채권( 5년) 01500-2503 (20-1)
      응찰금액 4,600억원; 낙찰금액 1,700억원; 낙찰금리 1.420~1.445%; 부분낙찰률 0~100%
   ㅇ국고채권( 3년) 01250-2212 (19-7)
      응찰금액 7,500억원; 낙찰금액 5,500억원; 낙찰금리 1.160~1.440%; 부분낙찰률 94~100%
   ㅇ국고채권(10년) 01875-2906 (19-4)
      응찰금액 3,000억원; 낙찰금액 1,700억원; 낙찰금리 1.670~1.710%; 부분낙찰 없음
   ㅇ국고채권( 3년) 01625-2206 (19-3)
      응찰금액 6,400억원; 낙찰금액 5,200억원; 낙찰금리 1.160~1.180%; 부분낙찰률 80~100%

□ 증권인도 및 자금결제일 : 2020.3.24(화)

문의 : 한국은행 시장운영팀(759-4575,4564)"
https://www.bok.or.kr/portal/bbs/P0001773/view.do?nttId=10057118&searchCnd=1&searchKwd=%EB%8B%A8%EC%88%9C%EB%A7%A4%EC%9E%85&date=&sdate=&edate=&sort=1&pageUnit=100&depth=201150&pageIndex=1&programType=newsData&menuNo=200295&oldMenuNo=201150,2020.3.20(금) 국고채권 단순매입 경쟁입찰 실시 결과,"2020.3.20(금) 국고채권 단순매입 경쟁입찰 실시 결과

□ 총 23,500억원 응찰하여 매입예정금액(15,000억원) 전액 낙찰

□ 대상증권별 응찰 및 낙찰물량
   ㅇ국고채권(10년) 01375-2912 (19-8)
      응찰금액 2,000억원; 낙찰금액 900억원; 낙찰금리 1.640~1.655%; 부분낙찰 없음
   ㅇ국고채권( 5년) 01500-2503 (20-1)
      응찰금액 4,600억원; 낙찰금액 1,700억원; 낙찰금리 1.420~1.445%; 부분낙찰률 0~100%
   ㅇ국고채권( 3년) 01250-2212 (19-7)
      응찰금액 7,500억원; 낙찰금액 5,500억원; 낙찰금리 1.160~1.440%; 부분낙찰률 94~100%
   ㅇ국고채권(10년) 01875-2906 (19-4)
      응찰금액 3,000억원; 낙찰금액 1,700억원; 낙찰금리 1.670~1.710%; 부분낙찰 없음
   ㅇ국고채권( 3년) 01625-2206 (19-3)
      응찰금액 6,400억원; 낙찰금액 5,200억원; 낙찰금리 1.160~1.180%; 부분낙찰률 80~100%

□ 증권인도 및 자금결제일 : 2020.3.24(화)

문의 : 한국은행 시장운영팀(759-4575,4564)"
https://www.bok.or.kr/portal/bbs/P0001773/view.do?nttId=10054582&searchCnd=1&searchKwd=%EB%8B%A8%EC%88%9C%EB%A7%A4%EC%9E%85&date=&sdate=&edate=&sort=1&pageUnit=100&depth=201150&pageIndex=1&programType=newsData&menuNo=200295&oldMenuNo=201150,2019.10.29(화) 국고채권 단순매입 경쟁입찰 실시 결과,"2019.10.29(화) 국고채권 단순매입 경쟁입찰 실시 결과

□ 총 9,800억원 응찰하여 5,700억원 낙찰

□ 대상증권별 응찰 및 낙찰물량

   ㅇ 국고채권(10년) 02625-2806 (18-4)
      응찰금액 3,000억원; 낙찰금액 2,200억원; 낙찰금리 1.775%~1.785%; 부분낙찰 없음

   ㅇ 국고채권(10년) 02250-2506 (15-2)
      응찰금액 700억원; 낙찰금액 600억원; 낙찰금리 1.680~1.690%; 부분낙찰 없음

   ㅇ 국고채권(10년) 03500-2403 (14-2)
      응찰금액 1,300억원; 낙찰금액 1,000억원; 낙찰금리 1.650~1.660%; 부분낙찰 없음

   ㅇ 국고채권(5년) 02375-2303 (18-1)
      응찰금액 2,600억원; 낙찰금액 1,500억원; 낙찰금리 1.575~1.590%; 부분낙찰 없음

   ㅇ 국고채권(5년) 02000-2209 (17-4)
      응찰금액 2,200억원; 낙찰금액 400억원; 낙찰금리 1.550~1.555%; 부분낙찰 없음

□ 증권인도 및 자금결제일 : 2019.10.31(목)

문의 : 한국은행 시장운영팀(759-4575,4564)"
https://www.bok.or.kr/portal/bbs/P0001773/view.do?nttId=10054582&searchCnd=1&searchKwd=%EB%8B%A8%EC%88%9C%EB%A7%A4%EC%9E%85&date=&sdate=&edate=&sort=1&pageUnit=100&depth=201150&pageIndex=1&programType=newsData&menuNo=200295&oldMenuNo=201150,2019.10.29(화) 국고채권 단순매입 경쟁입찰 실시 결과,"2019.10.29(화) 국고채권 단순매입 경쟁입찰 실시 결과

□ 총 9,800억원 응찰하여 5,700억원 낙찰

□ 대상증권별 응찰 및 낙찰물량

   ㅇ 국고채권(10년) 02625-2806 (18-4)
      응찰금액 3,000억원; 낙찰금액 2,200억원; 낙찰금리 1.775%~1.785%; 부분낙찰 없음

   ㅇ 국고채권(10년) 02250-2506 (15-2)
      응찰금액 700억원; 낙찰금액 600억원; 낙찰금리 1.680~1.690%; 부분낙찰 없음

   ㅇ 국고채권(10년) 03500-2403 (14-2)
      응찰금액 1,300억원; 낙찰금액 1,000억원; 낙찰금리 1.650~1.660%; 부분낙찰 없음

   ㅇ 국고채권(5년) 02375-2303 (18-1)
      응찰금액 2,600억원; 낙찰금액 1,500억원; 낙찰금리 1.575~1.590%; 부분낙찰 없음

   ㅇ 국고채권(5년) 02000-2209 (17-4)
      응찰금액 2,200억원; 낙찰금액 400억원; 낙찰금리 1.550~1.555%; 부분낙찰 없음

□ 증권인도 및 자금결제일 : 2019.10.31(목)

문의 : 한국은행 시장운영팀(759-4575,4564)"
https://www.bok.or.kr/portal/bbs/P0001773/view.do?nttId=10050754&searchCnd=1&searchKwd=%EB%8B%A8%EC%88%9C%EB%A7%A4%EC%9E%85&date=&sdate=&edate=&sort=1&pageUnit=100&depth=201150&pageIndex=1&programType=newsData&menuNo=200295&oldMenuNo=201150,2019.3.26(화) 국고채권 단순매입 경쟁입찰 실시 결과,"2019.3.26(화) 국고채권 단순매입 경쟁입찰 실시 결과

□ 총 24,000억원 응찰하여 매입예정금액(7,000억원) 전액 낙찰

□ 대상증권별 응찰 및 낙찰물량

   ㅇ 국고채권(10년) 02375-2712 (17-7)
       응찰금액 2,900억원; 낙찰금액 1,100억원; 낙찰금리 1.905~1.910%; 부분낙찰률 50~100%

   ㅇ 국고채권(10년) 02125-2706 (17-3)
       응찰금액 4,700억원; 낙찰금액 900억원; 낙찰금리 1.895~1.900%; 부분낙찰률 50~80%

   ㅇ 국고채권(10년) 01500-2612 (16-8)
       응찰금액 3,600억원; 낙찰금액 1,000억원; 낙찰금리 1.880~1.885%; 부분낙찰률 60~100%

   ㅇ 국고채권(10년) 02250-2512 (15-8)
       응찰금액 1,300억원; 낙찰금액 400억원; 낙찰금리 1.860~1.865%; 부분낙찰률 0~100%

   ㅇ 국고채권(5년)  02000-2209 (17-4)
       응찰금액 11,500억원; 낙찰금액 3,600억원; 낙찰금리 1.805~1.815%; 부분낙찰률 50~100%

□ 증권인도 및 자금결제일 : 2019.3.28(목)

문의 : 한국은행 시장운영팀(759-4575,4564)"
https://www.bok.or.kr/portal/bbs/P0001773/view.do?nttId=10047909&searchCnd=1&searchKwd=%EB%8B%A8%EC%88%9C%EB%A7%A4%EC%9E%85&date=&sdate=&edate=&sort=1&pageUnit=100&depth=201150&pageIndex=1&programType=newsData&menuNo=200295&oldMenuNo=201150,2018.10.26(금) 국고채권 단순매입 경쟁입찰 실시 결과,"2018.10.26(금) 국고채권 단순매입 경쟁입찰 실시 결과

□ 총 9,500억원 응찰하여 매입예정금액(7,000억원) 전액 낙찰

□ 대상증권별 응찰 및 낙찰물량

   ㅇ 국고채권(20년) 05500-2803 (8-2)
       응찰금액 600억원; 낙찰금액 600억원; 낙찰금리 2.260~2.265%; 부분낙찰 없음

   ㅇ 국고채권(10년) 02125-2706 (17-3)
       응찰금액 3,500억원; 낙찰금액 2,800억원; 낙찰금리 2.245~2.255%; 부분낙찰률 75~100%

   ㅇ 국고채권(10년) 01875-2606 (16-3)
       응찰금액 1,800억원; 낙찰금액 1,400억원; 낙찰금리 2.210~2.215%; 부분낙찰 없음

   ㅇ 국고채권(10년) 02250-2506 (15-2)
       응찰금액 1,700억원; 낙찰금액 800억원; 낙찰금리 2.185~2.190%; 부분낙찰 없음

   ㅇ 국고채권(10년)  03375-2309 (13-6)
       응찰금액 1,900억원; 낙찰금액 1,400억원; 낙찰금리 2.105~2.120%; 부분낙찰 없음

□ 증권인도 및 자금결제일 : 2018.10.30(화)

문의 : 한국은행 시장운영팀(759-4575,4564)"
https://www.bok.or.kr/portal/bbs/P0001773/view.do?nttId=10046191&searchCnd=1&searchKwd=%EB%8B%A8%EC%88%9C%EB%A7%A4%EC%9E%85&date=&sdate=&edate=&sort=1&pageUnit=100&depth=201150&pageIndex=2&programType=newsData&menuNo=200295&oldMenuNo=201150,2018.7.25(수) 국고채권 단순매입 경쟁입찰 실시 결과,"2018.7.25(수) 국고채권 단순매입 경쟁입찰 실시 결과

□ 총 19,500억원 응찰하여 매입예정금액(7,000억원) 전액 낙찰

□ 대상증권별 응찰 및 낙찰물량

   ㅇ 국고채권(10년) 01500-2612 (16-8)
      응찰금액 3,000억원; 낙찰금액 900억원; 낙찰금리 2.530~2.535%; 부분낙찰률 67~100%

   ㅇ 국고채권(10년) 01875-2606 (16-3)
      응찰금액 1,800억원; 낙찰금액 400억원; 낙찰금리 2.510%; 부분낙찰률 50~100%

   ㅇ 국고채권(10년) 02250-2512 (15-8)
      응찰금액 2,900억원; 낙찰금액 900억원; 낙찰금리 2.480~2.485%; 부분낙찰률 50~100%

   ㅇ 국고채권(10년) 03000-2409 (14-5)
      응찰금액 3,100억원; 낙찰금액 1,000억원; 낙찰금리 2.440~2.445%; 부분낙찰률 50~100%

   ㅇ 국고채권(5년)  01875-2203 (16-10)
      응찰금액 8,700억원; 낙찰금액 3,800억원; 낙찰금리 2.205~2.220%; 부분낙찰률 50~100%

□ 증권인도 및 자금결제일 : 2018.7.27(금)

문의 : 한국은행 시장운영팀(759-4575,4564)"
https://www.bok.or.kr/portal/bbs/P0001773/view.do?nttId=10034555&searchCnd=1&searchKwd=%EB%8B%A8%EC%88%9C%EB%A7%A4%EC%9E%85&date=&sdate=&edate=&sort=1&pageUnit=100&depth=201150&pageIndex=2&programType=newsData&menuNo=200295&oldMenuNo=201150,2018.5.16(수) 국고채권 단순매입 경쟁입찰 실시 결과,"2018.5.16(수) 국고채권 단순매입 경쟁입찰 실시 결과

□ 총 21,900억원 응찰하여 매입예정금액(7,000억원) 전액 낙찰

□ 대상증권별 응찰 및 낙찰물량

   ㅇ 국고채권(10년) 01500-2612 (16-8)
       응찰금액 4,300억원; 낙찰금액 1,100억원; 낙찰금리 2.805~2.810%; 부분낙찰률 50~100%

   ㅇ 국고채권(10년) 01875-2606 (16-3)
       응찰금액 4,100억원; 낙찰금액 2,500억원; 낙찰금리 2.775~2.780%; 부분낙찰률 50~100%

   ㅇ 국고채권(10년) 03500-2403 (14-2)
       응찰금액 3,700억원; 낙찰금액 1,000억원; 낙찰금리 2.695~2.700%; 부분낙찰률 80~100%

   ㅇ 국고채권(10년) 03375-2309 (13-6)
       응찰금액 2,800억원; 낙찰금액 1,200억원; 낙찰금리 2.660~2.665%; 부분낙찰률 70%

   ㅇ 국고채권(5년)  01375-2109 (16-4)
       응찰금액 7,000억원; 낙찰금액 1,200억원; 낙찰금리 2.415~2.420%; 부분낙찰률 80~86%

□ 증권인도 및 자금결제일 : 2018.5.18(금)

문의 : 한국은행 시장운영팀(759-4575,4564)"
https://www.bok.or.kr/portal/bbs/P0001773/view.do?nttId=10001536&searchCnd=1&searchKwd=%EB%8B%A8%EC%88%9C%EB%A7%A4%EC%9E%85&date=&sdate=&edate=&sort=1&pageUnit=100&depth=201150&pageIndex=2&programType=newsData&menuNo=200295&oldMenuNo=201150,2018.4.19(목) 국고채권 단순매입 경쟁입찰 실시 결과,"2018.4.19(목) 국고채권 단순매입 경쟁입찰 실시 결과
  □ 총 20,300억원 응찰하여 매입예정금액(7,000억원) 전액 낙찰
  □ 대상증권별 응찰 및 낙찰물량
     ㅇ 국고채권(20년) 01500-3609 (16-6)
       응찰금액 1,100억원; 낙찰금액 500억원; 낙찰금리 2.665~2.670%; 부분낙찰률 0~100%
     ㅇ 국고채권(10년) 01500-2612 (16-8)
       응찰금액 3,600억원; 낙찰금액 1,200억원; 낙찰금리 2.640~2.645%; 부분낙찰률 50~67%
     ㅇ 국고채권(10년) 02250-2512 (15-8)
       응찰금액 5,700억원; 낙찰금액 1,500억원; 낙찰금리 2.605~2.610%; 부분낙찰률 0~100%
     ㅇ 국고채권(10년) 03500-2403 (14-2)
       응찰금액 3,300억원; 낙찰금액 1,300억원; 낙찰금리 2.545~2.550%; 부분낙찰률 30%
     ㅇ 국고채권(5년)  01375-2109 (16-4)
       응찰금액 6,600억원; 낙찰금액 2,500억원; 낙찰금리 2.310~2.315%; 부분낙찰률 50~100%
  □ 증권인도 및 자금결제일 : 2018.4.23(월)
  문의 : 한국은행 시장운영팀(759-4575,4564)
 "
https://www.bok.or.kr/portal/bbs/P0001773/view.do?nttId=235588&searchCnd=1&searchKwd=%EB%8B%A8%EC%88%9C%EB%A7%A4%EC%9E%85&date=&sdate=&edate=&sort=1&pageUnit=100&depth=201150&pageIndex=2&programType=newsData&menuNo=200295&oldMenuNo=201150,2018.3.8(목) 국고채권 단순매입 경쟁입찰 실시 결과,"2018.3.8(목) 국고채권 단순매입 경쟁입찰 실시 결과
  □ 총 14,700억원 응찰하여 매입예정금액(7,000억원) 전액 낙찰
  □ 대상증권별 응찰 및 낙찰물량
     ㅇ 국고채권(10년) 01875-2606 (16-3)
       응찰금액 1,100억원; 낙찰금액 600억원; 낙찰금리 2.705~2.710%; 부분낙찰 없음
     ㅇ 국고채권(10년) 02250-2506 (15-2)
       응찰금액 2,800억원; 낙찰금액 1,100억원; 낙찰금리 2.660~2.670%; 부분낙찰 없음
     ㅇ 국고채권(10년) 03500-2403 (14-2)
       응찰금액 2,700억원; 낙찰금액 1,100억원; 낙찰금리 2.625~2.640%; 부분낙찰 없음
 
   ㅇ 국고채권(10년) 03375-2309 (13-6)
       응찰금액 1,500억원; 낙찰금액 800억원; 낙찰금리 2.600~2.605%; 부분낙찰 없음
     ㅇ 국고채권(5년)  02000-2103 (15-9)
       응찰금액 6,600억원; 낙찰금액 3,400억원; 낙찰금리 2.350~2.355%; 부분낙찰 없음
  □ 증권인도 및 자금결제일 : 2018.3.12(월)
  문의 : 한국은행 시장운영팀(759-4575,4564)"
https://www.bok.or.kr/portal/bbs/P0001773/view.do?nttId=234801&searchCnd=1&searchKwd=%EB%8B%A8%EC%88%9C%EB%A7%A4%EC%9E%85&date=&sdate=&edate=&sort=1&pageUnit=100&depth=201150&pageIndex=2&programType=newsData&menuNo=200295&oldMenuNo=201150,2018.1.30(화) 국고채권 단순매입 경쟁입찰 실시 결과,"2018.1.30(화) 국고채권 단순매입 경쟁입찰 실시 결과
  □ 총 19,000억원 응찰하여 매입예정금액(7,000억원) 전액 낙찰
  □ 대상증권별 응찰 및 낙찰물량
     ㅇ 국고채권(10년) 01875-2606 (16-3)
       응찰금액 1,400억원; 낙찰금액 700억원; 낙찰금리 2.755%~2.760%; 부분낙찰 없음
     ㅇ 국고채권(10년) 02250-2506 (15-2)
       응찰금액 3,800억원; 낙찰금액 1,700억원; 낙찰금리 2.720~2.740%; 부분낙찰률 0~100%
     ㅇ 국고채권(10년) 03000-2409 (14-5)
       응찰금액 6,700억원; 낙찰금액 2,500억원; 낙찰금리 2.715~2.730%; 부분낙찰률 60%
     ㅇ 국고채권(10년) 03375-2309 (13-6)
       응찰금액 2,800억원; 낙찰금액 700억원; 낙찰금리 2.675~2.680%; 부분낙찰률 67~100%
     ㅇ 국고채권(5년)  01375-2109 (16-4)
       응찰금액 4,300억원; 낙찰금액 1,400억원; 낙찰금리 2.490~2.505%; 부분낙찰률 0~50%
  □ 증권인도 및 자금결제일 : 2018.2.1(목)
  문의 : 한국은행 시장운영팀(759-4575,4564)
 "
https://www.bok.or.kr/portal/bbs/P0001773/view.do?nttId=232626&searchCnd=1&searchKwd=%EB%8B%A8%EC%88%9C%EB%A7%A4%EC%9E%85&date=&sdate=&edate=&sort=1&pageUnit=100&depth=201150&pageIndex=2&programType=newsData&menuNo=200295&oldMenuNo=201150,2017.11.1(수) 국고채권 단순매입 경쟁입찰 실시 결과,"2017.11.1(수) 국고채권 단순매입 경쟁입찰 실시 결과
  □ 총 25,500억원 응찰하여 매입예정금액(7,000억원) 전액 낙찰
  □ 대상증권별 응찰 및 낙찰물량
     ㅇ 국고채권(10년) 02250-2512 (15-8)
       응찰금액 2,900억원; 낙찰금액 600억원; 낙찰금리 2.565%; 부분낙찰률 50~100%
    ㅇ 국고채권(10년) 03500-2403 (14-2)
       응찰금액 4,300억원; 낙찰금액 2,300억원; 낙찰금리 2.505%~2.520; 부분낙찰률 0~100%
    ㅇ 국고채권(10년) 03000-2303 (13-2)
       응찰금액 4,800억원; 낙찰금액 1,800억원; 낙찰금리 2.465%~2.475%; 부분낙찰률 58%
    ㅇ 국고채권(10년) 03750-2206 (12-3)
       응찰금액 3,700억원; 낙찰금액 700억원; 낙찰금리 2.430%; 부분낙찰률 75~80%
    ㅇ 국고채권(5년)  02000-2103 (15-9)
       응찰금액 9,800억원; 낙찰금액 1,600억원; 낙찰금리 2.315%; 부분낙찰률 50~100%
  □ 증권인도 및 자금결제일 : 2017.11.3(금)
  문의 : 한국은행 시장운영팀(759-4575,4564)
 "
https://www.bok.or.kr/portal/bbs/P0001773/view.do?nttId=229191&searchCnd=1&searchKwd=%EB%8B%A8%EC%88%9C%EB%A7%A4%EC%9E%85&date=&sdate=&edate=&sort=1&pageUnit=100&depth=201150&pageIndex=2&programType=newsData&menuNo=200295&oldMenuNo=201150,2017.6.21(수) 국고채권 단순매입 경쟁입찰 실시 결과,"2017.6.21(수) 국고채권 단순매입 경쟁입찰 실시 결과
  □ 총 25,700억원 응찰하여 매입예정금액(7,000억원) 전액 낙찰
  □ 대상증권별 응찰 및 낙찰물량
     ㅇ 국고채권(20년) 04000-3112 (11-7)
      응찰금액 2,700억원; 낙찰금액 1,000억원; 낙찰금리 2.190~2.195%; 부분낙찰없음
     ㅇ 국고채권(10년) 02250-2506 (15-2)
      응찰금액 6,600억원; 낙찰금액 600억원; 낙찰금리 2.085%; 부분낙찰없음
     ㅇ 국고채권(10년) 03000-2409 (14-5)
      응찰금액 5,700억원; 낙찰금액 2,000억원; 낙찰금리 2.045%; 부분낙찰률 93~100%
     ㅇ 국고채권(10년) 03375-2309 (13-6)
      응찰금액 2,700억원; 낙찰금액 1,400억원; 낙찰금리 1.975~1.985%; 부분낙찰률 50~100%
     ㅇ 국고채권(5년)  02000-2003 (15-1)
      응찰금액 8,000억원; 낙찰금액 2,000억원; 낙찰금리 1.700%; 부분낙찰률 89~100%
  □ 증권인도 및 자금결제일 : 2017.6.23(금)
  문의 : 한국은행 시장운영팀(759-4575,4564)"
https://www.bok.or.kr/portal/bbs/P0001773/view.do?nttId=227696&searchCnd=1&searchKwd=%EB%8B%A8%EC%88%9C%EB%A7%A4%EC%9E%85&date=&sdate=&edate=&sort=1&pageUnit=100&depth=201150&pageIndex=2&programType=newsData&menuNo=200295&oldMenuNo=201150,2017.4.19(수) 국고채권 단순매입 경쟁입찰 실시 결과,"2017.4.19(수) 국고채권 단순매입 경쟁입찰 실시 결과
  □ 총 34,200억원 응찰하여 매입예정금액(7,000억원) 전액 낙찰
  □ 대상증권별 응찰 및 낙찰물량
     ㅇ 국고채권(20년) 03750-3312 (13-8)
      응찰금액 3,100억원; 낙찰금액 1,200억원; 낙찰금리 2.235~2.245%; 부분낙찰률 50~100%
   ㅇ 국고채권(10년) 03500-2403 (14-2)
      응찰금액 2,700억원; 낙찰금액 500억원; 낙찰금리 2.020~2.025%; 부분낙찰률 0~100%
   ㅇ 국고채권(10년) 03000-2303 (13-2)
      응찰금액 6,100억원; 낙찰금액 500억원; 낙찰금리 1.935~1.940%; 부분낙찰률 67~100%
   ㅇ 국고채권(10년) 03750-2206 (12-3)
      응찰금액 6,500억원; 낙찰금액 1,900억원; 낙찰금리 1.875~1.885%; 부분낙찰률 50~100%
   ㅇ 국고채권(5년)  02000-2009 (15-4)
      응찰금액 15,800억원; 낙찰금액 2,900억원; 낙찰금리 1.725%; 부분낙찰률 67~100%
  □ 증권인도 및 자금결제일 : 2017.4.21(금)
  문의 : 한국은행 시장운영팀(759-4575,4564)"
https://www.bok.or.kr/portal/bbs/P0001773/view.do?nttId=226487&searchCnd=1&searchKwd=%EB%8B%A8%EC%88%9C%EB%A7%A4%EC%9E%85&date=&sdate=&edate=&sort=1&pageUnit=100&depth=201150&pageIndex=2&programType=newsData&menuNo=200295&oldMenuNo=201150,2017.3.3(금) 국고채권 단순매입 경쟁입찰 실시 결과,"2017.3.3(금) 국고채권 단순매입 경쟁입찰 실시 결과
  □ 총 25,200억원 응찰하여 매입예정금액(7,000억원) 전액 낙찰
  □ 대상증권별 응찰 및 낙찰물량
     ㅇ 국고채권(20년) 02625-3509 (15-6)
      응찰금액 3,600억원; 낙찰금액 700억원; 낙찰금리 2.300%; 부분낙찰없음
   ㅇ 국고채권(10년) 02250-2506 (15-2)
      응찰금액 3,700억원; 낙찰금액 1,300억원; 낙찰금리 2.200%; 부분낙찰없음
   ㅇ 국고채권(10년) 03000-2409 (14-5)
      응찰금액 2,200억원; 낙찰금액 700억원; 낙찰금리 2.165~2.170%; 부분낙찰없음
   ㅇ 국고채권(10년) 03375-2309 (13-6)
      응찰금액 3,100억원; 낙찰금액 1,300억원; 낙찰금리 2.075~2.090%; 부분낙찰없음
   ㅇ 국고채권(5년) 02000-2003 (15-1)
      응찰금액 12,600억원; 낙찰금액 3,000억원; 낙찰금리 1.755~1.765%; 부분낙찰률 75~100%
  □ 증권인도 및 자금결제일 : 2017.3.7(화)
  문의 : 한국은행 시장운영팀(759-4575,4564)"
https://www.bok.or.kr/portal/bbs/P0001773/view.do?nttId=226002&searchCnd=1&searchKwd=%EB%8B%A8%EC%88%9C%EB%A7%A4%EC%9E%85&date=&sdate=&edate=&sort=1&pageUnit=100&depth=201150&pageIndex=2&programType=newsData&menuNo=200295&oldMenuNo=201150,2017.2.10(금) 국고채권 단순매입 경쟁입찰 실시 결과,"2017.2.10(금) 국고채권 단순매입 경쟁입찰 실시 결과
  □ 총 27,200억원 응찰하여 매입예정금액(7,000억원) 전액 낙찰
  □ 대상증권별 응찰 및 낙찰물량
     ㅇ 국고채권(20년) 04000-3112 (11-7)
      응찰금액 4,100억원; 낙찰금액 1,700억원; 낙찰금리 2.195~2.220%; 부분낙찰률 54%
   ㅇ 국고채권(10년) 02250-2506 (15-2)
      응찰금액 4,500억원; 낙찰금액 1,700억원; 낙찰금리 2.140~2.150%; 부분낙찰률 50~100%
   ㅇ 국고채권(10년) 03500-2403 (14-2)
      응찰금액 2,600억원; 낙찰금액 600억원; 낙찰금리 2.080%; 부분낙찰률 75%
   ㅇ 국고채권(10년) 03000-2303 (13-2)
      응찰금액 3,300억원; 낙찰금액 300억원; 낙찰금리 2.000~2.005%; 부분낙찰률 50~100%
   ㅇ 국고채권(5년) 02000-2003 (15-1)
      응찰금액 12,700억원; 낙찰금액 2,700억원; 낙찰금리 1.720~1.725%; 부분낙찰률 50~100%
  □ 증권인도 및 자금결제일 : 2017.2.14(화)
  문의 : 한국은행 시장운영팀(759-4575,4564)"
https://www.bok.or.kr/portal/bbs/P0001773/view.do?nttId=223707&searchCnd=1&searchKwd=%EB%8B%A8%EC%88%9C%EB%A7%A4%EC%9E%85&date=&sdate=&edate=&sort=1&pageUnit=100&depth=201150&pageIndex=2&programType=newsData&menuNo=200295&oldMenuNo=201150,2016.11.21(월) 국고채권 단순매입 경쟁입찰 실시 결과,"2016.11.21(월) 국고채권 단순매입 경쟁입찰 실시 결과
  <2016-001>
 
□ 총 9,800억원 응찰하여 9,700억원 낙찰
  □ 대상증권별 응찰 및 낙찰물량
   ㅇ 국고채권(10년) 01875-2606 (16-3)
      응찰금액 1,700억원; 낙찰금액 1,700억원; 낙찰금리 2.090~2.150%; 부분낙찰없음
   ㅇ 국고채권(5년) 01375-2109 (16-4)
      응찰금액 3,100억원; 낙찰금액 3,000억원; 낙찰금리 1.840~1.895%; 부분낙찰없음
   ㅇ 국고채권(3년) 01500-1906 (16-2)
      응찰금액 5,000억원; 낙찰금액 5,000억원; 낙찰금리 1.700~1.745%; 부분낙찰없음
  □ 증권인도 및 자금결제일 : 2016.11.23(수)
  <2016-002>
  □ 총 9,900억원 응찰하여 매입예정금액(3,000억원) 전액 낙찰
  □ 대상증권별 응찰 및 낙찰물량
   ㅇ 국고채권(20년) 03750-3312 (13-8)
      응찰금액 1,800억원; 낙찰금액 500억원; 낙찰금리 2.235%~2.240%; 부분낙찰률 50~100%
   ㅇ 국고채권(10년) 03000-2409 (14-5)
      응찰금액 4,200억원; 낙찰금액 1,500억원; 낙찰금리 2.115%~2.120%; 부분낙찰률 0~67%
   ㅇ 국고채권(5년) 02000-2003 (15-1)
      응찰금액 3,900억원; 낙찰금액 1,000억원; 낙찰금리 1.850%; 부분낙찰률 50~100%
  □ 증권인도 및 자금결제일 : 2016.11.23(수)
  문의 : 한국은행 시장운영팀(759-4575,4564)"
https://www.bok.or.kr/portal/bbs/P0001773/view.do?nttId=213412&searchCnd=1&searchKwd=%EB%8B%A8%EC%88%9C%EB%A7%A4%EC%9E%85&date=&sdate=&edate=&sort=1&pageUnit=100&depth=201150&pageIndex=2&programType=newsData&menuNo=200295&oldMenuNo=201150,2015.10.27(화) 국고채권 단순매입 경쟁입찰 실시 결과,"2015.10.27(화) 국고채권 단순매입 경쟁입찰 실시 결과
  □ 총 12,200억원 응찰하여 매입예정금액(7,000억원) 전액 낙찰
  □ 대상증권별 응찰 및 낙찰물량
     ㅇ 국고채권(20년) 03750-3312 (13-8)
      응찰금액 2,500억원; 낙찰금액 1,400억원; 낙찰금리 2.190%; 부분낙찰률 80~100%
     ㅇ 국고채권(10년) 03375-2309 (13-6)
      응찰금액 500억원; 낙찰금액 300억원; 낙찰금리 2.000%; 부분낙찰없음
     ㅇ 국고채권(10년) 03000-2303 (13-2)
      응찰금액 2,200억원; 낙찰금액 1,000억원; 낙찰금리 1.960%; 부분낙찰없음
     ㅇ 국고채권(10년) 03750-2206 (12-3)
      응찰금액 1,200억원; 낙찰금액 800억원; 낙찰금리 1.910~1.915%; 부분낙찰없음
     ㅇ 국고채권(5년) 03125-1903 (14-1)
      응찰금액 5,800억원; 낙찰금액 3,500억원; 낙찰금리 1.680~1.685%; 부분낙찰률 92~100%
  □ 증권인도 및 자금결제일 : 2015.10.29(목)
  문의 : 한국은행 시장운영팀(759-4575,4564)"
https://www.bok.or.kr/portal/bbs/P0001773/view.do?nttId=211140&searchCnd=1&searchKwd=%EB%8B%A8%EC%88%9C%EB%A7%A4%EC%9E%85&date=&sdate=&edate=&sort=1&pageUnit=100&depth=201150&pageIndex=2&programType=newsData&menuNo=200295&oldMenuNo=201150,2015.7.24(금) 국고채권 단순매입 경쟁입찰 실시 결과,"2015.7.24(금) 국고채권 단순매입 경쟁입찰 실시 결과
  □ 총 12,400억원 응찰하여 매입예정금액(7,000억원) 전액 낙찰
  □ 대상증권별 응찰 및 낙찰물량
     ㅇ 국고채권(20년) 04000-3112 (11-7)
      응찰금액 900억원; 낙찰금액 400억원; 낙찰금리 2.540~2.550%; 부분낙찰률 0~50%
     ㅇ 국고채권(10년) 03375-2309 (13-6)
      응찰금액 1,400억원; 낙찰금액 700억원; 낙찰금리 2.260~2.270%; 부분낙찰률 0~25%
     ㅇ 국고채권(10년) 03000-2303 (13-2)
      응찰금액 1,400억원; 낙찰금액 700억원; 낙찰금리 2.220~2.230%; 부분낙찰률 33~40%
     ㅇ 국고채권(10년) 03750-2206 (12-3)
      응찰금액 3,200억원; 낙찰금액 1,900억원; 낙찰금리 2.160~2.170%; 부분낙찰률 83~100%
     ㅇ 국고채권(5년) 03125-1903 (14-1)
      응찰금액 5,500억원; 낙찰금액 3,300억원; 낙찰금리 1.810~1.820%; 부분낙찰률 0~50%
  □ 증권인도 및 자금결제일 : 2015.7.28(화)
  문의 : 한국은행 시장운영팀(759-4575,4564)
 "
https://www.bok.or.kr/portal/bbs/P0001773/view.do?nttId=207298&searchCnd=1&searchKwd=%EB%8B%A8%EC%88%9C%EB%A7%A4%EC%9E%85&date=&sdate=&edate=&sort=1&pageUnit=100&depth=201150&pageIndex=2&programType=newsData&menuNo=200295&oldMenuNo=201150,2015.2.26(목) 국고채권 단순매입 경쟁입찰 실시 결과,"2015.2.26(목) 국고채권 단순매입 경쟁입찰 실시 결과
  □ 총 20,000억원 응찰하여 매입예정금액(7,000억원) 전액 낙찰
  □ 대상증권별 응찰 및 낙찰물량
     ㅇ 국고채권(20년) 04000-3112 (11-7)
      응찰금액 2,400억원; 낙찰금액 1,000억원; 낙찰금리 2.550%; 부분낙찰률 50~100%
     ㅇ 국고채권(10년) 03375-2309 (13-6)
      응찰금액 2,100억원; 낙찰금액 300억원; 낙찰금리 2.335%; 부분낙찰없음
     ㅇ 국고채권(10년) 03000-2303 (13-2)
      응찰금액 3,000억원; 낙찰금액 1,300억원; 낙찰금리 2.315~2.320%; 부분낙찰률 50~100%
     ㅇ 국고채권(10년) 03750-2206 (12-3)
      응찰금액 3,700억원; 낙찰금액 1,400억원; 낙찰금리 2.280~2.295%; 부분낙찰률 67~100%
     ㅇ 국고채권(5년) 03250-1809 (13-5)
      응찰금액 8,800억원; 낙찰금액 3,000억원; 낙찰금리 2.090%; 부분낙찰률 78~100%
  □ 증권인도 및 자금결제일 : 2015.3.2(월) 영업마감시간 전까지
  문의 : 한국은행 시장운영팀(759-4575,4564)
 "
https://www.bok.or.kr/portal/bbs/P0001773/view.do?nttId=205040&searchCnd=1&searchKwd=%EB%8B%A8%EC%88%9C%EB%A7%A4%EC%9E%85&date=&sdate=&edate=&sort=1&pageUnit=100&depth=201150&pageIndex=2&programType=newsData&menuNo=200295&oldMenuNo=201150,2014.11.27(목) 국고채권 단순매입 경쟁입찰 실시 결과,"2014.11.27(목) 국고채권 단순매입 경쟁입찰 실시 결과
  □ 총 19,000억원 응찰하여 매입예정금액(7,000억원) 전액 낙찰
  □ 대상증권별 응찰 및 낙찰물량
     ㅇ 국고채권(20년) 04000-3112 (11-7)
      응찰금액 900억원; 낙찰금액 100억원; 낙찰금리 2.815%; 부분낙찰률 50%
     ㅇ 국고채권(10년) 03000-2303 (13-2)
      응찰금액 2,800억원; 낙찰금액 1,700억원; 낙찰금리 2.555~2.560%; 부분낙찰률 20~50%
     ㅇ 국고채권(10년) 03750-2206 (12-3)
      응찰금액 1,500억원; 낙찰금액 300억원; 낙찰금리 2.495%; 부분낙찰률 67~100%
     ㅇ 국고채권(10년) 04250-2106 (11-3)
      응찰금액 4,600억원; 낙찰금액 2,000억원; 낙찰금리 2.415%; 부분낙찰률 60~80%
     ㅇ 국고채권(5년) 02750-1803 (13-1)
      응찰금액 9,200억원; 낙찰금액 2,900억원; 낙찰금리 2.140~2.145%; 부분낙찰률 60~100%
  □ 증권인도 및 자금결제일 : 2014.12.1(월) 영업마감시간 전까지
  문의 : 한국은행 시장운영팀(759-4575,4564)
 "
https://www.bok.or.kr/portal/bbs/P0001773/view.do?nttId=203984&searchCnd=1&searchKwd=%EB%8B%A8%EC%88%9C%EB%A7%A4%EC%9E%85&date=&sdate=&edate=&sort=1&pageUnit=100&depth=201150&pageIndex=2&programType=newsData&menuNo=200295&oldMenuNo=201150,2014.10.24(금) 국고채권 단순매입 경쟁입찰 실시 결과,"2014.10.24(금) 국고채권 단순매입 경쟁입찰 실시 결과
  □ 총 17,400억원 응찰하여 매입예정금액(7,000억원) 전액 낙찰
  □ 대상증권별 응찰 및 낙찰물량
     ㅇ 국고채권(20년) 04000-3112 (11-7)
      응찰금액 900억원; 낙찰금액 600억원; 낙찰금리 2.855~2.865%; 부분낙찰없음
     ㅇ 국고채권(10년) 03000-2303 (13-2)
      응찰금액 2,200억원; 낙찰금액 1,200억원; 낙찰금리 2.640~2.645%; 부분낙찰없음
     ㅇ 국고채권(10년) 03750-2206 (12-3)
      응찰금액 3,600억원; 낙찰금액 2,500억원; 낙찰금리 2.590~2.600%; 부분낙찰률 67~100%
     ㅇ 국고채권(10년) 04250-2106 (11-3)
      응찰금액 4,100억원; 낙찰금액 2,300억원; 낙찰금리 2.525~2.535%; 부분낙찰률 80~100%
     ㅇ 국고채권(5년) 03500-1703 (12-1)
      응찰금액 6,600억원; 낙찰금액 400억원; 낙찰금리 2.200%; 부분낙찰없음
  □ 증권인도 및 자금결제일 : 2014.10.28(화) 영업마감시간 전까지
  문의 : 한국은행 시장운영팀(759-4575,4564)
 "
https://www.bok.or.kr/portal/bbs/P0001773/view.do?nttId=203060&searchCnd=1&searchKwd=%EB%8B%A8%EC%88%9C%EB%A7%A4%EC%9E%85&date=&sdate=&edate=&sort=1&pageUnit=100&depth=201150&pageIndex=2&programType=newsData&menuNo=200295&oldMenuNo=201150,2014.9.19(금) 국고채권 단순매입 경쟁입찰 실시 결과,"2014.9.19(금) 국고채권 단순매입 경쟁입찰 실시 결과
  □ 총 23,700억원 응찰하여 매입예정금액(7,000억원) 전액 낙찰
  □ 대상증권별 응찰 및 낙찰물량
     ㅇ 국고채권(20년) 04000-3112 (11-7)
      응찰금액 1,700억원; 낙찰금액 없음;
     ㅇ 국고채권(10년) 03000-2303 (13-2)
      응찰금액 4,400억원; 낙찰금액 800억원; 낙찰금리 2.950%; 부분낙찰률 50~100%
     ㅇ 국고채권(10년) 03750-2206 (12-3)
      응찰금액 5,200억원; 낙찰금액 800억원; 낙찰금리 2.895%; 부분낙찰률 83~100%
     ㅇ 국고채권(10년) 05000-2006 (10-3)
      응찰금액 5,900억원; 낙찰금액 3,100억원; 낙찰금리 2.725~2.730%; 부분낙찰률 67~100%
     ㅇ 국고채권(5년) 02750-1803 (13-1)
      응찰금액 6,500억원; 낙찰금액 2,300억원; 낙찰금리 2.480~2.485%; 부분낙찰률 75~100%
  □ 증권인도 및 자금결제일 : 2014.9.23(화) 영업마감시간 전까지
  문의 : 한국은행 시장운영팀(759-4575,4564)
 "
https://www.bok.or.kr/portal/bbs/P0001773/view.do?nttId=202276&searchCnd=1&searchKwd=%EB%8B%A8%EC%88%9C%EB%A7%A4%EC%9E%85&date=&sdate=&edate=&sort=1&pageUnit=100&depth=201150&pageIndex=2&programType=newsData&menuNo=200295&oldMenuNo=201150,2014.8.22(금) 국고채권 단순매입 경쟁입찰 실시 결과,"2014.8.22(금) 국고채권 단순매입 경쟁입찰 실시 결과
  □ 총 23,800억원 응찰하여 매입예정금액(7,000억원) 전액 낙찰
  □ 대상증권별 응찰 및 낙찰물량
     ㅇ 국고채권(20년) 04000-3112 (11-7)
      응찰금액 1,900억원; 낙찰금액 400억원; 낙찰금리 3.310~3.315%; 부분낙찰률 0~100% 
     ㅇ 국고채권(10년) 03000-2303 (13-2)
      응찰금액 3,200억원; 낙찰금액 1,200억원; 낙찰금리 3.100%; 부분낙찰률 67~100%
      ㅇ국고채권(10년) 03750-2206 (12-3)
      응찰금액 7,000억원; 낙찰금액 2,700억원; 낙찰금리 3.055~3.060%; 부분낙찰률 50~100%
     ㅇ 국고채권(5년) 02750-1803 (13-1)
      응찰금액 3,900억원; 낙찰금액 500억원; 낙찰금리 2.690%; 부분낙찰률 0~100%
     ㅇ 국고채권(5년) 02750-1709 (12-4)
      응찰금액 7,800억원; 낙찰금액 2,200억원; 낙찰금리 2.620~2.635%; 부분낙찰률 50~100%
  □ 증권인도 및 자금결제일 : 2014.8.26(화) 영업마감시간 전까지
  문의 : 한국은행 시장운영팀(759-4575,4564)
 "
https://www.bok.or.kr/portal/bbs/P0001773/view.do?nttId=198885&searchCnd=1&searchKwd=%EB%8B%A8%EC%88%9C%EB%A7%A4%EC%9E%85&date=&sdate=&edate=&sort=1&pageUnit=100&depth=201150&pageIndex=2&programType=newsData&menuNo=200295&oldMenuNo=201150,2014.4.18일(금) 국고채권 단순매입 경쟁입찰 실시 결과,"2014.4.18일(금) 국고채권 단순매입 경쟁입찰 실시 결과
  □ 총 33,900억원 응찰하여 매입예정금액(7,000억원) 전액 낙찰
  □ 대상증권별 응찰 및 낙찰물량
     ㅇ 국고채권(20년) 04000-3112 (11-7)
      응찰금액 1,200억원; 낙찰금액 200억원; 낙찰금리 3.705%; 부분낙찰없음
     ㅇ 국고채권(20년) 05500-2803 (8-2)
      응찰금액 500억원; 낙찰금액 0억원; 낙찰금리없음; 부분낙찰없음
      ㅇ국고채권(10년) 03750-2206 (12-3)
      응찰금액 7,700억원; 낙찰금액 200억원; 낙찰금리 3.445%; 부분낙찰률 40%
     ㅇ 국고채권(5년) 02750-1709 (12-4)
      응찰금액 14.100억원; 낙찰금액 3,900억원; 낙찰금리 2.980%; 부분낙찰률 0~50%
     ㅇ 국고채권(5년) 03500-1703 (12-1)
      응찰금액 10,400억원; 낙찰금액 2,700억원; 낙찰금리 2.910~2.915%; 부분낙찰률 25~43%

□ 증권인도 및 자금결제일 : 2014.4.22일(화) 영업마감시간 전까지

문의 : 한국은행 시장운영팀(759-4575,4564)
 "
https://www.bok.or.kr/portal/bbs/P0001773/view.do?nttId=197326&searchCnd=1&searchKwd=%EB%8B%A8%EC%88%9C%EB%A7%A4%EC%9E%85&date=&sdate=&edate=&sort=1&pageUnit=100&depth=201150&pageIndex=2&programType=newsData&menuNo=200295&oldMenuNo=201150,2014.2.25일(화) 국고채권 단순매입 경쟁입찰 실시 결과,"2014.2.25일(화) 국고채권 단순매입 경쟁입찰 실시 결과
  □ 총 28,800억원 응찰하여 매입예정금액(7,000억원) 전액 낙찰
  □ 대상증권별 응찰 및 낙찰물량
     ㅇ 국고채권(20년) 04000-3112 (11-7)
      응찰금액 2,200억원; 낙찰금액 100억원; 낙찰금리 3.700%; 부분낙찰률 0~100%
   ㅇ 국고채권(20년) 05500-2912 (9-5)
      응찰금액 1,000억원; 낙찰금액 300억원; 낙찰금리 3.665%; 부분낙찰률 75% 
    ㅇ 국고채권(10년) 03750-2206 (12-3)
      응찰금액 5,500억원; 낙찰금액 1,300억원; 낙찰금리 3.435~3.440%; 부분낙찰률 0~100%
   ㅇ 국고채권(5년) 02750-1709 (12-4)
      응찰금액 7,700억원; 낙찰금액 2,300억원; 낙찰금리 2.990~2.995%; 부분낙찰률 0~100%
   ㅇ 국고채권(5년) 03500-1703 (12-1)
      응찰금액 12,400억원; 낙찰금액 3,000억원; 낙찰금리 2.920%; 부분낙찰률 50~100%
  □ 증권인도 및 자금결제일 : 2014. 2. 27일(목) 영업마감시간 전까지
  문의 : 한국은행 시장운영팀 (759-4575, 4564)
 "
https://www.bok.or.kr/portal/bbs/P0001773/view.do?nttId=195020&searchCnd=1&searchKwd=%EB%8B%A8%EC%88%9C%EB%A7%A4%EC%9E%85&date=&sdate=&edate=&sort=1&pageUnit=100&depth=201150&pageIndex=2&programType=newsData&menuNo=200295&oldMenuNo=201150,2013.11.27일(수) 국고채권 단순매입 경쟁입찰 실시 결과,"2013.11.27일(수) 국고채권 단순매입 경쟁입찰 실시 결과
  □ 총 22,100억원 응찰하여 매입예정금액(7,000억원) 전액 낙찰
  □ 대상증권별 응찰 및 낙찰물량
   ㅇ 국고채권(20년) 04750-3012 (10-7)
      응찰금액 1,800억원; 낙찰금액 800억원; 낙찰금리 3.815~3.820%; 부분낙찰률 67~100%
   ㅇ 국고채권(20년) 05500-2912 (9-5)
      응찰금액 600억원; 낙찰금액 200억원; 낙찰금리 3.805%; 부분낙찰없음
 
   ㅇ 국고채권(20년) 05750-2603 (6-1)
      응찰금액 0억원; 낙찰금액 0억원; 낙찰금리 없음; 부분낙찰없음
   ㅇ 국고채권(10년) 04250-2106 (11-3)
      응찰금액 10,900억원; 낙찰금액 3,500억원; 낙찰금리 3.500~3.505%; 부분낙찰률 83~100%
   ㅇ 국고채권(5년)  03500-1703 (12-1)
      응찰금액 8,800억원; 낙찰금액 2,500억원; 낙찰금리 3.085~3.090%; 부분낙찰률 82~100%
  □ 증권인도 및 자금결제일 : 2013. 11. 29일(금) 영업마감시간 전까지
  문의 : 한국은행 시장운영팀(759-4575,4564)"
https://www.bok.or.kr/portal/bbs/P0001773/view.do?nttId=192471&searchCnd=1&searchKwd=%EB%8B%A8%EC%88%9C%EB%A7%A4%EC%9E%85&date=&sdate=&edate=&sort=1&pageUnit=100&depth=201150&pageIndex=2&programType=newsData&menuNo=200295&oldMenuNo=201150,2013.8.21일(수) 국고채권 단순매입 경쟁입찰 실시 결과,"2013.8.21일(수) 국고채권 단순매입 경쟁입찰 실시 결과
  □ 총 13,600억원 응찰하여 매입예정금액(7,000억원) 전액 낙찰
  □ 대상증권별 응찰 및 낙찰물량
  ㅇ 국고채권(20년) 04750-3012 (10-7)
응찰금액 1,400억원; 낙찰금액 300억원; 낙찰금리 3.830~3.840%; 부분낙찰률 100%
  ㅇ 국고채권(20년) 05500-2803 (8-2)
응찰금액 1,700억원; 낙찰금액 700억원; 낙찰금리 3.780%; 부분낙찰률 83~100%
  ㅇ 국고채권(20년) 05750-2603 (6-1)
응찰금액 100억원; 낙찰금액 100억원; 낙찰금리 3.760%; 부분낙찰률 100%
  ㅇ 국고채권(10년) 04250-2106 (11-3)
응찰금액 5,000억원; 낙찰금액 2,700억원; 낙찰금리 3.560~3.570%; 부분낙찰률 50~100%
  ㅇ 국고채권(5년) 03500-1703 (12-1)
응찰금액 5,400억원; 낙찰금액 3,200억원; 낙찰금리 3.100~3.110%; 부분낙찰률 67~100%
  □ 증권인도 및 자금결제일 : 2013. 8. 23일(금) 영업마감시간 전까지
  문의 : 한국은행 시장운영팀(759-4575,4564)"
https://www.bok.or.kr/portal/bbs/P0001773/view.do?nttId=189069&searchCnd=1&searchKwd=%EB%8B%A8%EC%88%9C%EB%A7%A4%EC%9E%85&date=&sdate=&edate=&sort=1&pageUnit=100&depth=201150&pageIndex=2&programType=newsData&menuNo=200295&oldMenuNo=201150,2013.4.25일(목) 국고채권 단순매입 경쟁입찰 실시 결과,"2013.4.25일(목) 국고채권 단순매입 경쟁입찰 실시 결과
  □ 총 18,300억원 응찰하여 매입예정금액(7,000억원) 전액 낙찰
  □ 대상증권별 응찰 및 낙찰물량
     ㅇ 국고채권(20년) 0550-2912 (9-5)
      응찰금액 700억원; 낙찰금액 0억원; 낙찰금리없음; 부분낙찰없음
   ㅇ 국고채권(20년) 0550-2803 (8-2)
      응찰금액 2,300억원; 낙찰금액 0억원; 낙찰금리없음 부분낙찰없음
   ㅇ 국고채권(20년) 0525-2703 (7-3)
      응찰금액 100억원; 낙찰금액 0억원; 낙찰금리없음; 부분낙찰없음
   ㅇ 국고채권(20년) 0575-2603 (6-1)
      응찰금액 0억원; 낙찰금액 0억원; 낙찰금리없음; 부분낙찰없음
   ㅇ 국고채권(5년)  0350-1609 (11-5)
      응찰금액 15,200억원; 낙찰금액 7,000억원; 낙찰금리 2.63~64%; 부분낙찰률 33~50%
  □ 증권인도 및 자금결제일 : 2013. 4. 29일(월) 영업마감시간 전까지
  문의 : 한국은행 시장운영팀(759-4575,4564)"
https://www.bok.or.kr/portal/bbs/P0001773/view.do?nttId=184856&searchCnd=1&searchKwd=%EB%8B%A8%EC%88%9C%EB%A7%A4%EC%9E%85&date=&sdate=&edate=&sort=1&pageUnit=100&depth=201150&pageIndex=2&programType=newsData&menuNo=200295&oldMenuNo=201150,2012.11.15일(목) 국고채권 단순매입 경쟁입찰 실시 결과,"2012.11.15일(목) 국고채권 단순매입 경쟁입찰 실시 결과
  □ 총 45,700억원 응찰하여 매입예정금액(5,000억원) 전액 낙찰
  □ 대상증권별 응찰 및 낙찰물량
     ㅇ 국고채권(20년) 0475-3012 (10-7)
      응찰금액 4,200억원; 낙찰금액 900억원; 낙찰금리 3.02%; 부분낙찰률 0~100%
   ㅇ 국고채권(10년) 0425-2106 (11-3)
      응찰금액 9,600억원; 낙찰금액 2,000억원; 낙찰금리 2.95% 부분낙찰률 0~55%
   ㅇ 국고채권(10년) 0500-2006 (10-3)
      응찰금액 5,400억원; 낙찰금액 1,100억원; 낙찰금리 2.92%; 부분낙찰률 92%
   ㅇ 국고채권(5년) 0350-1609 (11-5)
      응찰금액 12,100억원; 낙찰금액 300억원; 낙찰금리 2.84%; 부분낙찰률 20~33%
   ㅇ 국고채권(5년) 0400-1603 (11-1)
      응찰금액 14,400억원; 낙찰금액 700억원; 낙찰금리 2.82%; 부분낙찰률 0~33%
  □ 증권인도 및 자금결제일 : 2012. 11. 19일(월) 영업마감시간 전까지
  문의 : 한국은행 시장운영팀(759-4575, 759-4564)
 "
https://www.bok.or.kr/portal/bbs/P0001773/view.do?nttId=184244&searchCnd=1&searchKwd=%EB%8B%A8%EC%88%9C%EB%A7%A4%EC%9E%85&date=&sdate=&edate=&sort=1&pageUnit=100&depth=201150&pageIndex=2&programType=newsData&menuNo=200295&oldMenuNo=201150,2012.10.18일(목) 국고채권 단순매입 경쟁입찰 실시 결과,"2012.10.18일(목) 국고채권 단순매입 경쟁입찰 실시 결과
  □ 총 39,000억원 응찰하여 매입예정금액(5,000억원) 전액 낙찰
  □ 대상증권별 응찰 및 낙찰물량
     ㅇ 국고채권(20년) 0475-3012 (10-7)
      응찰금액 3,500억원; 낙찰금액 500억원; 낙찰금리 3.04%; 부분낙찰률 33~50%
     ㅇ 국고채권(10년) 0425-2106 (11-3)
      응찰금액 7,900억원; 낙찰금액 1,000억원; 낙찰금리 3.00% 부분낙찰률 0~20%
     ㅇ 국고채권(10년) 0500-2006 (10-3)
      응찰금액 5,500억원; 낙찰금액 500억원; 낙찰금리 2.96~2.97%; 부분낙찰률 0~13%
     ㅇ 국고채권(5년) 0350-1609 (11-5)
      응찰금액 11,000억원; 낙찰금액 1,600억원; 낙찰금리 2.89~2.90%; 부분낙찰률 0~25%
     ㅇ 국고채권(5년) 0400-1603 (11-1)
      응찰금액 11,100억원; 낙찰금액 1,400억원; 낙찰금리 2.88~2.89%; 부분낙찰률 0~17%
  □ 증권인도 및 자금결제일 : 2012. 10. 22일(월) 영업마감시간 전까지
  문의 : 한국은행 시장운영팀(759-4575, 759-4564)"
https://www.bok.or.kr/portal/bbs/P0001773/view.do?nttId=182804&searchCnd=1&searchKwd=%EB%8B%A8%EC%88%9C%EB%A7%A4%EC%9E%85&date=&sdate=&edate=&sort=1&pageUnit=100&depth=201150&pageIndex=2&programType=newsData&menuNo=200295&oldMenuNo=201150,2012.8.24일(금) 국고채권 단순매입 경쟁입찰 실시 결과,"2012.8.24일(금) 국고채권 단순매입 경쟁입찰 실시 결과
  □ 총 23,900억원 응찰하여 매입예정금액(5,000억원) 전액 낙찰
    □ 대상증권별 응찰 및 낙찰물량
     ㅇ 국고채권(20년) 0475-3012 (10-7)
       응찰금액 2,200억원; 낙찰금액 600억원; 낙찰금리 3.14%; 부분낙찰률 33~100%
     ㅇ 국고채권(10년) 0425-2106 (11-3)
       응찰금액 4,200억원; 낙찰금액 1,300억원; 낙찰금리 3.10~3.11% 부분낙찰률 33~50%
     ㅇ 국고채권(10년) 0500-2006 (10-3)
       응찰금액 7,200억원; 낙찰금액 700억원; 낙찰금리 3.09%; 부분낙찰률 33~100%
    ㅇ 국고채권(5년) 0350-1609 (11-5)
       응찰금액 4,200억원; 낙찰금액 800억원; 낙찰금리 2.94~2.95%; 부분낙찰률 25~33%
     ㅇ 국고채권(5년) 0400-1603 (11-1)
       응찰금액 6,100억원; 낙찰금액 1,600억원; 낙찰금리 2.92%; 부분낙찰률 33~50%
  □ 증권인도 및 자금결제일 : 2012. 8. 28일(화) 영업마감시간 전까지
  문의 : 한국은행 시장운영팀(759-4575, 759-4564)
 "
https://www.bok.or.kr/portal/bbs/P0001773/view.do?nttId=179269&searchCnd=1&searchKwd=%EB%8B%A8%EC%88%9C%EB%A7%A4%EC%9E%85&date=&sdate=&edate=&sort=1&pageUnit=100&depth=201150&pageIndex=2&programType=newsData&menuNo=200295&oldMenuNo=201150,2012.4.20일(금) 국고채권 단순매입 경쟁입찰 실시 결과,"2012.4.20일(금) 국고채권 단순매입 경쟁입찰 실시 결과
  □ 총 22,400억원 응찰하여 매입예정금액(5,000억원) 전액 낙찰
  □ 대상증권별 응찰 및 낙찰물량
     ㅇ 국고채권(20년) 0475-3012 (10-7)
      응찰금액 3,300억원; 낙찰금액 700억원; 낙찰금리 3.92~3.93%; 부분낙찰률 0~14%
   ㅇ 국고채권(20년) 0550-2912 (9-5)
      응찰금액 0억원; 낙찰금액 0억원; 낙찰금리없음; 부분낙찰없음
   ㅇ 국고채권(10년) 0500-2006 (10-3)
      응찰금액 6,000억원; 낙찰금액 1,200억원; 낙찰금리 3.82%; 부분낙찰률 17~50%
   ㅇ 국고채권(10년) 0575-1809 (8-5)
      응찰금액 3,100억원; 낙찰금액 700억원; 낙찰금리 3.72%; 부분낙찰률 20~50%
   ㅇ 국고채권(5년) 0400-1603 (11-1)
      응찰금액 10,000억원; 낙찰금액 2,400억원; 낙찰금리 3.59%; 부분낙찰률 50~100%
  □ 증권인도 및 자금결제일 : 2012. 4. 24일(화) 영업마감시간 전까지
  문의 : 시장운영팀 박성진 과장(759-4575), 정문기 조사역(759-4564)"
https://www.bok.or.kr/portal/bbs/P0001773/view.do?nttId=177595&searchCnd=1&searchKwd=%EB%8B%A8%EC%88%9C%EB%A7%A4%EC%9E%85&date=&sdate=&edate=&sort=1&pageUnit=100&depth=201150&pageIndex=2&programType=newsData&menuNo=200295&oldMenuNo=201150,2012.2.21일(화) 국고채권 단순매입 경쟁입찰 실시 결과,"2012.2.21일(화) 국고채권 단순매입 경쟁입찰 실시 결과
  □ 총 20,700억원 응찰하여 매입예정금액(5,000억원) 전액 낙찰
  □ 대상증권별 응찰 및 낙찰물량
     ㅇ 국고채권(20년) 0475-3012 (10-7)
      응찰금액 2,400억원; 낙찰금액 1,700억원; 낙찰금리 3.93~3.94%; 부분낙찰률 50~100%
   ㅇ 국고채권(20년) 0550-2912 (9-5)
      응찰금액 500억원; 낙찰금액 400억원; 낙찰금리 3.92%; 부분낙찰률 75~100%
   ㅇ 국고채권(10년) 0500-2006 (10-3)
      응찰금액 6,000억원; 낙찰금액 2,200억원; 낙찰금리 3.82%; 부분낙찰률 67~100%
   ㅇ 국고채권(10년) 0575-1809 (8-5)
      응찰금액 2,700억원; 낙찰금액 600억원; 낙찰금리 3.72%; 부분낙찰률 80~100%
   ㅇ 국고채권(5년) 0400-1603 (11-1)
      응찰금액 9,100억원; 낙찰금액 100억원; 낙찰금리 3.59%; 부분낙찰률 100%
  □ 증권인도 및 자금결제일 : 2012. 2. 23일(목) 영업마감시간 전까지
  문의 : 시장운영팀 고지성 조사역(759-4564)"
https://www.bok.or.kr/portal/bbs/P0001773/view.do?nttId=176929&searchCnd=1&searchKwd=%EB%8B%A8%EC%88%9C%EB%A7%A4%EC%9E%85&date=&sdate=&edate=&sort=1&pageUnit=100&depth=201150&pageIndex=2&programType=newsData&menuNo=200295&oldMenuNo=201150,2012.1.26일(목) 국고채권 단순매입 경쟁입찰 실시 결과,"2012.1.26일(목) 국고채권 단순매입 경쟁입찰 실시 결과
    □ 총 32,600억원 응찰하여 매입예정금액(5,000억원) 전액 낙찰
    □ 대상증권별 응찰 및 낙찰물량
   ㅇ 국고채권(20년) 0475-3012 (10-7)
      응찰금액 7,400억원; 낙찰금액 1,100억원; 낙찰금리 3.97%; 부분낙찰률 25~33%
   ㅇ 국고채권(10년) 0500-2006 (10-3)
      응찰금액 8,400억원; 낙찰금액 1,300억원; 낙찰금리 3.78~3.79%; 부분낙찰률 0~17%
   ㅇ 국고채권(10년) 0575-1809 (8-5)
      응찰금액 3,000억원; 낙찰금액 300억원; 낙찰금리 3.68%; 부분낙찰률 0~25%
   ㅇ 국고채권(5년) 0400-1603 (11-1)
      응찰금액 9,400억원; 낙찰금액 1,600억원; 낙찰금리 3.52%; 부분낙찰률 0~100%
   ㅇ 국고채권(5년) 0400-1509 (10-5)
      응찰금액 4,400억원; 낙찰금액 700억원; 낙찰금리 3.50%; 부분낙찰률 20~40%
    □ 증권인도 및 자금결제일 : 2012. 1. 30일(월) 영업마감시간 전까지
    문의 : 시장운영팀 고지성 조사역(759-4564)"
https://www.bok.or.kr/portal/bbs/P0001773/view.do?nttId=171875&searchCnd=1&searchKwd=%EB%8B%A8%EC%88%9C%EB%A7%A4%EC%9E%85&date=&sdate=&edate=&sort=1&pageUnit=100&depth=201150&pageIndex=2&programType=newsData&menuNo=200295&oldMenuNo=201150,2011.7.26일(화) 국고채권 단순매입 경쟁입찰 실시 결과,"2011.7.26일(화) 국고채권 단순매입 경쟁입찰 실시 결과

□ 총 21,800억원 응찰하여 매입예정금액(5,000억원) 전액 낙찰


□ 대상증권별 응찰 및 낙찰물량
  
   ㅇ 국고채권(20년) 0550-2912 (9-5, 만기일 2029.12.10)
      응찰금액 600억원; 낙찰금액 100억원; 낙찰금리 4.28%; 부분낙찰률 50%
  
   ㅇ 국고채권(10년) 0500-2006 (10-3, 만기일 2020.6.10)
      응찰금액 4,500억원; 낙찰금액 1,800억원; 낙찰금리 4.16~4.17%; 부분낙찰률 0~50%
  
   ㅇ 국고채권(10년) 0500-1609 (6-5, 만기일 2016.9.10)
      응찰금액 400억원; 낙찰금액 100억원; 낙찰금리 4.01%; 부분낙찰없음
  
   ㅇ 국고채권(5년) 0400-1509 (10-5, 만기일 2015.9.10)
      응찰금액 10,600억원; 낙찰금액 2,100억원; 낙찰금리 3.98%; 부분낙찰률 0~67%
  
   ㅇ 국고채권(5년) 0450-1503 (10-1, 만기일 2015.3.10)
      응찰금액 5,700억원; 낙찰금액 900억원; 낙찰금리 3.96%; 부분낙찰률 0~57% 



□ 증권인도 및 자금결제일 : 2011. 7. 28일(목) 영업마감시간 전까지


문의 : 시장운영팀 고지성 조사역(759-4564)"
https://www.bok.or.kr/portal/bbs/P0001773/view.do?nttId=171142&searchCnd=1&searchKwd=%EB%8B%A8%EC%88%9C%EB%A7%A4%EC%9E%85&date=&sdate=&edate=&sort=1&pageUnit=100&depth=201150&pageIndex=2&programType=newsData&menuNo=200295&oldMenuNo=201150,2011.6.29일(수) 국고채권 단순매입 경쟁입찰 실시 결과,"2011.6.29일(수) 국고채권 단순매입 경쟁입찰 실시 결과
□ 총 24,400억원 응찰하여 매입예정금액(5,000억원) 전액 낙찰

□ 대상증권별 응찰 및 낙찰물량
   ㅇ 국고채권(20년) 0550-2912 (9-5, 만기일 2029.12.10)
      응찰금액 1,200억원; 낙찰금액 500억원; 낙찰금리 4.38%; 부분낙찰률 75~100%
   ㅇ 국고채권(20년) 0550-2803 (8-2, 만기일 2028.3.10)
      응찰금액 800억원; 낙찰금액 100억원; 낙찰금리 4.39%; 부분낙찰률 50%
   ㅇ 국고채권(10년) 0500-2006 (10-3, 만기일 2020.6.10)
      응찰금액 8,900억원; 낙찰금액 1,600억원; 낙찰금리 4.26%; 부분낙찰률 33~100%
   ㅇ 국고채권(10년) 0550-1709 (7-6, 만기일 2017.9.10)
      응찰금액 3,400억원; 낙찰금액 800억원; 낙찰금리 4.12~4.13%; 부분낙찰없음
   ㅇ 국고채권(5년) 0400-1509 (10-5, 만기일 2015.9.10)
      응찰금액 10,100억원; 낙찰금액 2,000억원; 낙찰금리 3.98~3.99%; 부분낙찰률 0~50% 

□ 증권인도 및 자금결제일 : 2011. 7. 1일(금) 영업마감시간 전까지

문의 : 시장운영팀 고지성 조사역(759-4564)"
https://www.bok.or.kr/portal/bbs/P0001773/view.do?nttId=170299&searchCnd=1&searchKwd=%EB%8B%A8%EC%88%9C%EB%A7%A4%EC%9E%85&date=&sdate=&edate=&sort=1&pageUnit=100&depth=201150&pageIndex=2&programType=newsData&menuNo=200295&oldMenuNo=201150,5.30일(월) 국고채권 단순매입 경쟁입찰 실시 결과,"5.30일(월) 국고채권 단순매입 경쟁입찰 실시 결과


□ 총 19,000억원 응찰하여 매입예정금액(5,000억원) 전액 낙찰

□ 대상증권별 응찰 및 낙찰물량

   ㅇ 국고채권(20년) 0550-2803 (8-2, 만기일 2028.3.10)
      응찰금액 400억원; 낙찰금액 100억원; 낙찰금리 4.39%; 부분낙찰률 0~100%

   ㅇ 국고채권(10년) 0575-1809 (8-5, 만기일 2018.9.10)
      응찰금액 3,400억원; 낙찰금액 1,100억원; 낙찰금리 4.12%; 부분낙찰 없음

   ㅇ 국고채권(10년) 0500-1609 (6-5, 만기일 2016.9.10)
      응찰금액 2,600억원; 낙찰금액 700억원; 낙찰금리 3.94%; 부분낙찰 없음

   ㅇ 국고채권(5년) 0450-1503 (10-1, 만기일 2015.9.10)
      응찰금액 9,200억원; 낙찰금액 2,000억원; 낙찰금리 3.82~3.83%; 부분낙찰률 0~50%


   ㅇ 국고채권(5년) 0475-1403 (9-1, 만기일 2014.3.10)
      응찰금액 3,400억원; 낙찰금액 1,100억원; 낙찰금리 3.74~3.75%; 부분낙찰률 0~50% 


□ 증권인도 및 자금결제일 : 2011. 6. 1일(수) 영업마감시간 전까지

문의 : 시장운영팀 고지성 조사역(759-4564)"
https://www.bok.or.kr/portal/bbs/P0001773/view.do?nttId=168654&searchCnd=1&searchKwd=%EB%8B%A8%EC%88%9C%EB%A7%A4%EC%9E%85&date=&sdate=&edate=&sort=1&pageUnit=100&depth=201150&pageIndex=2&programType=newsData&menuNo=200295&oldMenuNo=201150,RP매각 대상채권 단순매입 실시 결과,"2011.3.28일(월) 국고채권 단순매입 경쟁입찰 실시 결과


□ 총 17,100억원 응찰하여 매입예정금액(6,000억원) 전액 낙찰


□ 대상증권별 응찰 및 낙찰물량 


   ㅇ 국고채권(20년) 0550-2912 (9-5, 만기일 2029.12.10)
      응찰금액 1,400억원; 낙찰금액  0억원


   ㅇ 국고채권(10년) 0575-1809 (8-5, 만기일 2018.9.10)
      응찰금액 5,000억원; 낙찰금액 1,900억원; 낙찰금리 4.38~4.40%; 부분낙찰률   0~100% 


   ㅇ 국고채권(10년) 0550-1709 (7-6, 만기일 2017.9.10)
      응찰금액 1,900억원; 낙찰금액   400억원; 낙찰금리 4.31%     ; 부분낙찰률 50%~75% 


   ㅇ 국고채권(10년) 0525-1509 (5-4, 만기일 2015.9.10)
      응찰금액 400억원; 낙찰금액 100억원; 낙찰금리 4.12%; 부분낙찰없음  


    ㅇ 국고채권(5년)  0450-1503 (10-1, 만기일 2015.3.10)
      응찰금액 8,400억원; 낙찰금액 3,600억원; 낙찰금리 4.05~4.06%     ; 부분낙찰률 33~100% 


□ 증권인도 및 자금결제일 : 2011. 3. 30일(수) 영업마감시간 전까지


문의 : 시장운영팀 고지성 조사역(759-4564)"
https://www.bok.or.kr/portal/bbs/P0001773/view.do?nttId=167754&searchCnd=1&searchKwd=%EB%8B%A8%EC%88%9C%EB%A7%A4%EC%9E%85&date=&sdate=&edate=&sort=1&pageUnit=100&depth=201150&pageIndex=2&programType=newsData&menuNo=200295&oldMenuNo=201150,RP매각 대상채권 단순매입 실시 결과,"2011.2.22일(화) 국고채권 단순매입 경쟁입찰 실시 결과

□ 총 24,700억원 응찰하여 매입예정금액(6,000억원) 전액 낙찰

□ 대상증권별 응찰 및 낙찰물량

   ㅇ 국고채권(20년) 0550-2912 (9-5, 만기일 2029.12.10)
      응찰금액 1,600억원; 낙찰금액   600억원; 낙찰금리 4.79~4.80%; 부분낙찰률   25~33%

   ㅇ 국고채권(10년) 0575-1809 (8-5, 만기일 2018.9.10)
      응찰금액 4,000억원; 낙찰금액 1,200억원; 낙찰금리 4.61~4.62%; 부분낙찰률   0~100% 

   ㅇ 국고채권(10년) 0550-1709 (7-6, 만기일 2017.9.10)
      응찰금액 3,300억원; 낙찰금액   400억원; 낙찰금리 4.53%     ; 부분낙찰률   50~67%

   ㅇ 국고채권(5년)  0450-1503 (10-1, 만기일 2015.3.10)
      응찰금액 7,600억원; 낙찰금액 3,500억원; 낙찰금리 4.31~4.32%; 부분낙찰률    0~33%

   ㅇ 국고채권(5년)  0475-1403 (9-1, 만기일 2014.3.10)
      응찰금액 8,200억원; 낙찰금액   300억원; 낙찰금리 4.15%     ; 부분낙찰률   0~100% 

□ 증권인도 및 자금결제일 : 2011. 2. 24일(목) 영업마감시간 전까지"
https://www.bok.or.kr/portal/bbs/P0001773/view.do?nttId=167161&searchCnd=1&searchKwd=%EB%8B%A8%EC%88%9C%EB%A7%A4%EC%9E%85&date=&sdate=&edate=&sort=1&pageUnit=100&depth=201150&pageIndex=2&programType=newsData&menuNo=200295&oldMenuNo=201150,RP매각 대상채권 단순매입 실시 결과,"2011.1.26일(수) 국고채권 단순매입 경쟁입찰 실시 결과

□ 총 15,500억원 응찰하여 매입예정금액(6,000억원) 전액 낙찰

□ 대상증권별 응찰 및 낙찰물량

   ㅇ 국고채권(20년) 0550-2912 (9-5, 만기일 2029.12.10)
      응찰금액   800억원; 낙찰금액   700억원; 낙찰금리 4.83~4.84%; 부분낙찰률  50~100%

   ㅇ 국고채권(10년) 0575-1809 (8-5, 만기일 2018.9.10)
      응찰금액 3,900억원; 낙찰금액 1,000억원; 낙찰금리 4.64~4.66%; 부분낙찰률   0~100% 
 
   ㅇ 국고채권(10년) 0500-1609 (6-5, 만기일 2016.9.10)
      응찰금액   500억원; 낙찰금액   200억원; 낙찰금리 4.48%     ; 부분낙찰없음

   ㅇ 국고채권(5년)  0450-1503 (10-1, 만기일 2015.3.10)
      응찰금액 4,700억원; 낙찰금액 2,700억원; 낙찰금리 4.33~4.34%; 부분낙찰률  50~100%

   ㅇ 국고채권(5년)  0525-1303 (8-1, 만기일 2013.3.10)
      응찰금액 5,600억원; 낙찰금액 1,400억원; 낙찰금리 3.88%     ; 부분낙찰률  87~100% 

□ 증권인도 및 자금결제일 : 2011. 1. 28일(금) 영업마감시간 전까지"
https://www.bok.or.kr/portal/bbs/P0001773/view.do?nttId=164543&searchCnd=1&searchKwd=%EB%8B%A8%EC%88%9C%EB%A7%A4%EC%9E%85&date=&sdate=&edate=&sort=1&pageUnit=100&depth=201150&pageIndex=2&programType=newsData&menuNo=200295&oldMenuNo=201150,RP매각 대상채권 단순매입 실시 결과,"2010.10.26일(화) 국고채권 단순매입 경쟁입찰 실시 결과

□ 총 17,400억원 응찰하여 매입예정금액(7,000억원) 전액 낙찰

□ 대상증권별 응찰 및 낙찰물량

   ㅇ 국고채권(20년) 0550-2803 (8-2, 만기일 2028.3.10)
      응찰금액   700억원; 낙찰금액   300억원; 낙찰금리 4.53~4.54%; 부분낙찰없음

   ㅇ 국고채권(10년) 0575-1809 (8-5, 만기일 2018.9.10)
      응찰금액 5,900억원; 낙찰금액 3,200억원; 낙찰금리 4.21~4.23%; 부분낙찰률 0~100% 

   ㅇ 국고채권(10년) 0550-1709 (7-6, 만기일 2017.9.10)
      응찰금액 1,000억원; 낙찰금액   400억원; 낙찰금리 4.09~4.10%; 부분낙찰률  0~50%

   ㅇ 국고채권(5년)  0500-1409 (9-3, 만기일 2014.9.10)
      응찰금액 5,900억원; 낙찰금액 1,700억원; 낙찰금리 3.75~3.77%; 부분낙찰률  0~50%

   ㅇ 국고채권(5년)  0575-1309 (8-4, 만기일 2013.9.10)
      응찰금액 3,900억원; 낙찰금액 1,400억원; 낙찰금리 3.48~3.50%; 부분낙찰률  0~20% 

□ 증권인도 및 자금결제일 : 2010. 10. 28일(목) 영업마감시간 전까지"
https://www.bok.or.kr/portal/bbs/P0001773/view.do?nttId=162732&searchCnd=1&searchKwd=%EB%8B%A8%EC%88%9C%EB%A7%A4%EC%9E%85&date=&sdate=&edate=&sort=1&pageUnit=100&depth=201150&pageIndex=2&programType=newsData&menuNo=200295&oldMenuNo=201150,RP매각 대상채권 단순매입 실시 결과,"2010.8.18일(수) 실시한 국고채권 단순매입 경쟁입찰 결과
총 18,800억원 응찰하여 매입예정금액(7,000억원) 전액 낙찰됨

대상증권별 응찰 및 낙찰물량

ㅇ 국고채권(20년) 0550-2803 (8-2, 만기일 2028.3.10)
   응찰금액   900억원; 낙찰금액   600억원; 낙찰금리 4.90~4.92%; 부분낙찰률 50~100%

ㅇ 국고채권(10년) 0575-1809 (8-5, 만기일 2018.9.10)
   응찰금액 7,900억원; 낙찰금액 3,300억원; 낙찰금리 4.68~4.70%; 부분낙찰률 50~100% 

ㅇ 국고채권(10년) 0525-1509 (5-4, 만기일 2015.9.10)
   응찰금액   600억원; 낙찰금액   200억원; 낙찰금리      4.41%; 부분낙찰률 50~100%

ㅇ 국고채권(5년)  0475-1403 (9-1, 만기일 2014.3.10)
   응찰금액 6,600억원; 낙찰금액 2,000억원; 낙찰금리 4.16~4.17%; 부분낙찰률 50~100%

ㅇ 국고채권(5년)  0525-1303 (8-1, 만기일 2013.3.10)
   응찰금액 2,800억원; 낙찰금액   900억원; 낙찰금리 3.82~3.83%; 부분낙찰률 67~100% 

ㅇ 증권인도 및 자금결제일 : 2010. 8. 20일(금) 영업마감시간 전까지"
https://www.bok.or.kr/portal/bbs/P0001773/view.do?nttId=161492&searchCnd=1&searchKwd=%EB%8B%A8%EC%88%9C%EB%A7%A4%EC%9E%85&date=&sdate=&edate=&sort=1&pageUnit=100&depth=201150&pageIndex=2&programType=newsData&menuNo=200295&oldMenuNo=201150,RP매각 대상채권 단순매입 실시 결과,"2010.6.28일(월) 실시한 국고채권 단순매입 경쟁입찰 결과
총 20,600억원 응찰하여 매입예정금액(6,000억원) 전액 낙찰됨

대상증권별 응찰 및 낙찰물량

ㅇ 국고채권(20년) 0525-2703 (7-3, 만기일 2027.3.10)
   응찰금액 없음

ㅇ 국고채권(10년) 0500-1609 (6-5, 만기일 2016.9.10)
   응찰금액 1,600억원; 낙찰금액   500억원; 낙찰금리 4.68~4.70%; 부분낙찰없음 

ㅇ 국고채권(5년)  0475-1403 (9-1, 만기일 2014.3.10)
   응찰금액 8,100억원; 낙찰금액 2,100억원; 낙찰금리 4.33~4.36%; 부분낙찰률 0~20%

ㅇ 국고채권(5년)  0575-1309 (8-4, 만기일 2013.9.10)
   응찰금액 6,800억원; 낙찰금액 2,300억원; 낙찰금리 4.13~4.15%; 부분낙찰률 33~60%

ㅇ 국고채권(5년)  0525-1303 (8-1, 만기일 2013.3.10)
   응찰금액 4,100억원; 낙찰금액 1,100억원; 낙찰금리 3.99~4.00%; 부분낙찰률 0~17% 

ㅇ 증권인도 및 자금결제일 : 2010. 6. 30일(수) 영업마감시간 전까지"
https://www.bok.or.kr/portal/bbs/P0001773/view.do?nttId=160500&searchCnd=1&searchKwd=%EB%8B%A8%EC%88%9C%EB%A7%A4%EC%9E%85&date=&sdate=&edate=&sort=1&pageUnit=100&depth=201150&pageIndex=2&programType=newsData&menuNo=200295&oldMenuNo=201150,RP매각 대상채권 단순매입 실시 결과,"2010.5.18일(화) 실시한 국고채권 단순매입 경쟁입찰 결과

총 16,600억원 응찰하여 매입예정금액(6,000억원) 전액 낙찰됨

대상증권별 응찰 및 낙찰물량

ㅇ 국고채권(20년) 0550-2803 (8-2, 만기일 2028.3.10)
   응찰금액   700억원; 낙찰금액   100억원; 낙찰금리 5.26%     ; 부분낙찰 없음

ㅇ 국고채권(10년) 0500-1609 (6-5, 만기일 2016.9.10)
   응찰금액 2,500억원; 낙찰금액 1,000억원; 낙찰금리 4.70~4.71%; 부분낙찰률 50~100% 

ㅇ 국고채권(10년) 0500-1303 (3-4, 만기일 2013.3.26)
   응찰금액   400억원; 낙찰금액   없음

ㅇ 국고채권(5년)  0475-1403 (9-1, 만기일 2014.3.10)
   응찰금액 7,900억원; 낙찰금액 3,400억원; 낙찰금리 4.33~4.35%; 부분낙찰률 50~100%

ㅇ 국고채권(5년)  0575-1309 (8-4, 만기일 2013.9.10)
   응찰금액 5,100억원; 낙찰금액 1,500억원; 낙찰금리 4.13%     ; 부분낙찰률 50~100% 

ㅇ 증권인도 및 자금결제일 : 2010. 5. 20일(목) 영업마감시간 전까지"
https://www.bok.or.kr/portal/bbs/P0001773/view.do?nttId=158943&searchCnd=1&searchKwd=%EB%8B%A8%EC%88%9C%EB%A7%A4%EC%9E%85&date=&sdate=&edate=&sort=1&pageUnit=100&depth=201150&pageIndex=2&programType=newsData&menuNo=200295&oldMenuNo=201150,RP매각 대상채권 단순매입 실시 결과,"2010.3.17일(수) 실시한 국고채권 단순매입 경쟁입찰 결과

총 14,400억원 응찰하여 매입예정금액(6,000억원) 전액 낙찰됨

대상증권별 응찰 및 낙찰물량

ㅇ 국고채권(20년) 0550-2803 (8-2, 만기일 2028.3.10)
   응찰금액   700억원; 낙찰금액   200억원; 낙찰금리 4.93%     ; 부분낙찰 없음

ㅇ 국고채권(10년) 0550-1709 (7-6, 만기일 2017.9.10)
   응찰금액 2,100억원; 낙찰금액   700억원; 낙찰금리 4.61~4.63%; 부분낙찰률 50% 

ㅇ 국고채권(5년)  0475-1403 (9-1, 만기일 2014.3.10)
   응찰금액 5,700억원; 낙찰금액 3,200억원; 낙찰금리 4.16~4.18%; 부분낙찰률 25~50%

ㅇ 국고채권(5년)  0575-1309 (8-4, 만기일 2013.9.10)
   응찰금액 2,600억원; 낙찰금액 1,300억원; 낙찰금리 3.99~4.01%; 부분낙찰률 56%

ㅇ 국고채권(5년)  0525-1303 (8-1, 만기일 2013.3.10)
   응찰금액 3,300억원; 낙찰금액   600억원; 낙찰금리 3.88~3.89%; 부분낙찰률 50~80% 

ㅇ 증권인도 및 자금결제일 : 2010. 3. 19일(금) 영업마감시간 전까지"
https://www.bok.or.kr/portal/bbs/P0001773/view.do?nttId=156753&searchCnd=1&searchKwd=%EB%8B%A8%EC%88%9C%EB%A7%A4%EC%9E%85&date=&sdate=&edate=&sort=1&pageUnit=100&depth=201150&pageIndex=2&programType=newsData&menuNo=200295&oldMenuNo=201150,RP매각 대상채권 단순매입 실시 결과,"2009.12.15일(화) 실시한 국고채권 단순매입 경쟁입찰 결과
총 9,800억원 응찰하여 매입예정금액(7,000억원) 전액 낙찰됨

대상증권별 응찰 및 낙찰물량

ㅇ 국고채권(20년) 0575-2603 (6-1, 만기일 2026.3.10)
   응찰금액   없음; 낙찰금액   없음;

ㅇ 국고채권(10년) 0550-1709 (7-6, 만기일 2017.9.10)
   응찰금액 2,400억원; 낙찰금액 1,300억원; 낙찰금리 5.15~5.18%; 부분낙찰 없음 

ㅇ 국고채권(10년) 0425-1409 (4-6, 만기일 2014.9.10)
   응찰금액 2,600억원; 낙찰금액  1,700억원; 낙찰금리 4.80~4.82%; 부분낙찰 없음

ㅇ 국고채권(5년)  0575-1309 (8-4, 만기일 2013.9.10)
   응찰금액 2,600억원; 낙찰금액 2,100억원; 낙찰금리 4.55~4.60%; 부분낙찰률 50~100%

ㅇ 국고채권(5년)  0525-1209 (7-5, 만기일 2012.9.10)
   응찰금액 2,200억원; 낙찰금액 1,900억원; 낙찰금리 4.28~4.31%; 부분낙찰 없음  

ㅇ 증권인도 및 자금결제일 : 2009. 12. 17일(목) 영업 마감시간(PM 4:00) 전까지"
https://www.bok.or.kr/portal/bbs/P0001773/view.do?nttId=155634&searchCnd=1&searchKwd=%EB%8B%A8%EC%88%9C%EB%A7%A4%EC%9E%85&date=&sdate=&edate=&sort=1&pageUnit=100&depth=201150&pageIndex=2&programType=newsData&menuNo=200295&oldMenuNo=201150,RP매각 대상채권 단순매입 결과,"2009.10.27일(화) 실시한 국고채권 단순매입 경쟁입찰 결과

총 1.08조원 응찰하여 매입예정금액(7,000억원) 전액 낙찰됨 

대상증권별 응찰 및 낙찰물량

ㅇ 국고채권(20년) 0575-2603 (6-1, 만기일 2026.3.10)
   응찰금액   200억원; 낙찰금액   200억원; 낙찰금리 5.73~5.74%; 부분낙찰 없음
ㅇ 국고채권(10년) 0550-1709 (7-6, 만기일 2017.9.10)
   응찰금액 3,600억원; 낙찰금액 2,700억원; 낙찰금리 5.51~5.55%; 부분낙찰률 0~33% 
ㅇ 국고채권(10년) 0500-1609 (6-5, 만기일 2016.9.10)
   응찰금액   800억원; 낙찰금액   600억원; 낙찰금리 5.34~5.36%; 부분낙찰률 0~100%
ㅇ 국고채권(5년)  0575-1309 (8-4, 만기일 2013.9.10)
   응찰금액 2,000억원; 낙찰금액 1,200억원; 낙찰금리 4.99~5.03%; 부분낙찰률 0~100%
ㅇ 국고채권(5년)  0475-1203 (7-1, 만기일 2012.3.10)
   응찰금액 4,200억원; 낙찰금액 2,300억원; 낙찰금리 4.71~4.73%; 부분낙찰률 0~100% 

ㅇ 증권인도 및 자금결제일 : 2009. 10. 29일(목) 영업 마감시간(PM 4:00) 전까지"
https://www.bok.or.kr/portal/bbs/P0001773/view.do?nttId=154787&searchCnd=1&searchKwd=%EB%8B%A8%EC%88%9C%EB%A7%A4%EC%9E%85&date=&sdate=&edate=&sort=1&pageUnit=100&depth=201150&pageIndex=2&programType=newsData&menuNo=200295&oldMenuNo=201150,RP매각 대상채권 단순매입 결과(2009.9.23),"국고채 단순매입 실시 결과
2009.9.23일(수) 실시한 국고채권 단순매입 경쟁입찰 결과
총 1.31조원 응찰하여 매입예정금액(6,000억원) 전액 낙찰됨
대상증권별 응찰 및 낙찰물량
ㅇ 국고채권(20년) 0525-2703 (7-3, 만기일 2027.3.10)
   응찰금액    500억원; 낙찰금액 없음
ㅇ 국고채권(10년) 0550-1709 (7-6, 만기일 2017.9.10)
   응찰금액  3,200억원; 낙찰금액  1,600억원; 낙찰금리 5.37~5.38%; 부분낙찰률 0~100% 
ㅇ 국고채권(10년) 0500-1609 (6-5, 만기일 2016.9.10)
   응찰금액  1,700억원; 낙찰금액    700억원; 낙찰금리 5.24~5.25%; 부분낙찰률 50~100%
ㅇ 국고채권(5년)  0575-1309 (8-4, 만기일 2013.9.10)
   응찰금액  3,000억원; 낙찰금액  1,200억원; 낙찰금리 4.85~4.86%; 부분낙찰률 75~100%
ㅇ 국고채권(5년)  0525-1303 (8-1, 만기일 2013.3.10)
   응찰금액  4,700억원; 낙찰금액  2,500억원; 낙찰금리 4.77~4.80%; 부분낙찰률 25~50% 
ㅇ 증권인도 및 자금결제일 : 2009. 9. 25일(금)
문의 : 시장운영팀 공대희 과장(759-4706), 유희준 조사역(759-4564)"
https://www.bok.or.kr/portal/bbs/P0001773/view.do?nttId=151793&searchCnd=1&searchKwd=%EB%8B%A8%EC%88%9C%EB%A7%A4%EC%9E%85&date=&sdate=&edate=&sort=1&pageUnit=100&depth=201150&pageIndex=2&programType=newsData&menuNo=200295&oldMenuNo=201150,2009.6.5일 국고채 단순매입 실시 결과,"국고채 단순매입 실시 결과



ㅁ 2009.6.5일(금) 실시한 국고채권 단순매입 경쟁입찰 결과


    총 2.62조원 응찰하여 매입예정금액(5,000억원) 전액 낙찰됨
ㅁ 대상증권별 응찰 및 낙찰물량

   ㅇ 국고채권(10년) 0550-1709(만기일 2017. 9.10)

       응찰금액  5,200억원; 낙찰금액  1,500억원; 최저낙찰금리 5.18%; 부분낙찰률 75%

   ㅇ 국고채권(5년)  0575-1309(만기일 2013. 9.10)

       응찰금액  5,500억원; 낙찰금액    100억원; 최저낙찰금리 4.51%; 부분낙찰률 50%  

   ㅇ 국고채권(5년)  0525-1303(만기일 2013. 3.10)

       응찰금액  4,500억원; 낙찰금액    1,300억원; 최저낙찰금리 4.36%; 부분낙찰률 33~100%

   ㅇ 국고채권(5년)  0475-1203(만기일 2012. 3.10)

       응찰금액  3,900억원; 낙찰금액    100억원; 최저낙찰금리 3.92%; 부분낙찰 없음

   ㅇ 국고채권(3년)  0550-1106(만기일 2011. 6.10)

       응찰금액  7,100억원; 낙찰금액  2,000억원; 최저낙찰금리 3.45%; 부분낙찰률 25~50% 

ㅁ 증권인도 및 자금결제일 : 2009. 6. 9일(화)


문의 : 시장운영팀 정홍백 과장(759-4706), 유희준 조사역(759-4564)"
https://www.bok.or.kr/portal/bbs/P0001773/view.do?nttId=120216&searchCnd=1&searchKwd=%EB%8B%A8%EC%88%9C%EB%A7%A4%EC%9E%85&date=&sdate=&edate=&sort=1&pageUnit=100&depth=201150&pageIndex=3&programType=newsData&menuNo=200295&oldMenuNo=201150,[보도자료]국고채권 단순매입 입찰 실시결과,"□ 2007.11.30일 실시한 국고채 단순매입 경쟁입찰 결과 응찰금액 1.2조원(매입 예정금액 1.5조원)이 전액 낙찰되었음
        <자세한 내용은 “붙임” 참조>"
https://www.bok.or.kr/portal/bbs/B0000502/view.do?nttId=120212&searchCnd=1&searchKwd=%EB%8B%A8%EC%88%9C%EB%A7%A4%EC%9E%85&date=&sdate=&edate=&sort=1&pageUnit=100&depth=201150&pageIndex=3&programType=newsData&menuNo=201265&oldMenuNo=201150,국고채권 단순매입 입찰 실시결과," 
□ 2007.11.30일 실시한 국고채 단순매입 경쟁입찰 결과 응찰금액 1.2조원(매입 예정금액 1.5조원)이 전액 낙찰되었음
        <자세한 내용은 “붙임” 참조>"
https://www.bok.or.kr/portal/bbs/P0001773/view.do?nttId=76444&searchCnd=1&searchKwd=%EB%8B%A8%EC%88%9C%EB%A7%A4%EC%9E%85&date=&sdate=&edate=&sort=1&pageUnit=100&depth=201150&pageIndex=3&programType=newsData&menuNo=200295&oldMenuNo=201150,RP매각 대상채권 단순매입 실시결과(2006.3.22),"  2006. 3. 22일 실시한 국고채권 단순매입(outright purchase)
경쟁입찰 결과 총 2조 600억원이 응찰하여 매입예정금액(0.5조원)
전액이 낙찰되었음"
https://www.bok.or.kr/portal/bbs/B0000502/view.do?nttId=76442&searchCnd=1&searchKwd=%EB%8B%A8%EC%88%9C%EB%A7%A4%EC%9E%85&date=&sdate=&edate=&sort=1&pageUnit=100&depth=201150&pageIndex=3&programType=newsData&menuNo=201265&oldMenuNo=201150,RP매각 대상채권 단순매입 실시결과,2006.3.22일 실시한 국고채권 단순매입(outright purchase) 경쟁입찰 결과 총 2조 600억원이 응찰하여 매입예정금액(0.5조원) 전액이 낙찰되었음
https://www.bok.or.kr/portal/bbs/P0001773/view.do?nttId=75125&searchCnd=1&searchKwd=%EB%8B%A8%EC%88%9C%EB%A7%A4%EC%9E%85&date=&sdate=&edate=&sort=1&pageUnit=100&depth=201150&pageIndex=3&programType=newsData&menuNo=200295&oldMenuNo=201150,국고채권 단순매입 실시결과,  붙임 참조
https://www.bok.or.kr/portal/bbs/P0001773/view.do?nttId=73789&searchCnd=1&searchKwd=%EB%8B%A8%EC%88%9C%EB%A7%A4%EC%9E%85&date=&sdate=&edate=&sort=1&pageUnit=100&depth=201150&pageIndex=3&programType=newsData&menuNo=200295&oldMenuNo=201150,국고채권 단순매입 실시결과,붙임파일 참조
https://www.bok.or.kr/portal/bbs/P0001773/view.do?nttId=64564&searchCnd=1&searchKwd=%EB%8B%A8%EC%88%9C%EB%A7%A4%EC%9E%85&date=&sdate=&edate=&sort=1&pageUnit=100&depth=201150&pageIndex=3&programType=newsData&menuNo=200295&oldMenuNo=201150,국고채권 단순매입 경쟁입찰 실시결과,붙임파일 참조
https://www.bok.or.kr/portal/bbs/B0000502/view.do?nttId=57475&searchCnd=1&searchKwd=%EB%8B%A8%EC%88%9C%EB%A7%A4%EC%9E%85&date=&sdate=&edate=&sort=1&pageUnit=100&depth=201150&pageIndex=3&programType=newsData&menuNo=201265&oldMenuNo=201150,국고채 단순매입 결과(05.1.24),붙임파일 참조
https://www.bok.or.kr/portal/bbs/P0001773/view.do?nttId=57473&searchCnd=1&searchKwd=%EB%8B%A8%EC%88%9C%EB%A7%A4%EC%9E%85&date=&sdate=&edate=&sort=1&pageUnit=100&depth=201150&pageIndex=3&programType=newsData&menuNo=200295&oldMenuNo=201150,국고채권 단순매입 입찰결과 보도자료,붙임파일 참조
https://www.bok.or.kr/portal/bbs/B0000502/view.do?nttId=57330&searchCnd=1&searchKwd=%EB%8B%A8%EC%88%9C%EB%A7%A4%EC%9E%85&date=&sdate=&edate=&sort=1&pageUnit=100&depth=201150&pageIndex=3&programType=newsData&menuNo=201265&oldMenuNo=201150,국고채권 등 증권단순매입을 위한 경쟁입찰 실시결과 보도자료,"- 국고채권 등 증권단순매입을 위한 경쟁입찰 실시결과 보도자료
     * 첨부파일을 참조하시기 바랍니다."
https://www.bok.or.kr/portal/bbs/B0000502/view.do?nttId=27191&searchCnd=1&searchKwd=%EB%8B%A8%EC%88%9C%EB%A7%A4%EC%9E%85&date=&sdate=&edate=&sort=1&pageUnit=100&depth=201150&pageIndex=3&programType=newsData&menuNo=201265&oldMenuNo=201150,통안증권 중도환매 및 국고채권 단순매입을 위한 경쟁입찰 실시결과,"통안증권 중도환매 및 국고채권 단순매입을 위한 경쟁입찰 실시결과
- 매입예정금액 : 2조원
- 낙찰금액 : 1조 4,883억원(통안증권 9,883억원, 국고채권 5,000억원)
* 자세한 내용은 첨부파일을 참조하시기 바랍니다."
https://www.bok.or.kr/portal/bbs/P0001773/view.do?nttId=27188&searchCnd=1&searchKwd=%EB%8B%A8%EC%88%9C%EB%A7%A4%EC%9E%85&date=&sdate=&edate=&sort=1&pageUnit=100&depth=201150&pageIndex=3&programType=newsData&menuNo=200295&oldMenuNo=201150,통안증권 중도환매 및 국고채권 단순매입을 위한 경쟁입찰 실시결과,"통안증권 중도환매 및 국고채권 단순매입을 위한 경쟁입찰 실시결과 보도자료
- 매입예정금액 : 2조원
- 낙찰금액 : 1조 4,883억원(통안증권 9,883억원, 국고채권 5,000억원)
* 자세한 내용은 첨부파일을 참조하시기 바랍니다."
